admis_mental_hlth_rltd_cond_p_all_hosps_2016_17_asr_100k, admis_mood_affective_disorders_p_all_hosps_2016_17_num, admis_mental_hlth_rltd_cond_p_all_hosps_2016_17_sr, admis_mental_hlth_rltd_cond_p_pub_hosps_2016_17_sig, admis_mental_hlth_rltd_cond_p_all_hosps_2016_17_num, admis_mood_affective_disorders_p_all_hosps_2016_17_sig, admis_mental_hlth_rltd_cond_p_pub_hosps_2016_17_num, admis_mental_hlth_rltd_cond_p_all_hosps_2016_17_sig, admis_mood_affective_disorders_p_pub_hosps_2016_17_asr_100k, admis_mood_affective_disorders_p_pub_hosps_2016_17_sr, admis_mood_affective_disorders_p_all_hosps_2016_17_asr_100k, admis_mood_affective_disorders_p_pub_hosps_2016_17_num, admis_mental_hlth_rltd_cond_p_pub_hosps_2016_17_sr, admis_mood_affective_disorders_p_all_hosps_2016_17_sr, admis_mental_hlth_rltd_cond_p_pub_hosps_2016_17_asr_100k, admis_mood_affective_disorders_p_pub_hosps_2016_17_sig, pha_code16
2526.2,197,134,null,417,"**",151,"**",135.5,63,1139.2,23,94,182,936.7,"*","10245"
1665.1,107,88,null,290,null,159,"*",197.9,91,604.5,35,92,97,917.3,null,"10226"
1136.1,55,60,"**",169,"**",117,"**",168.6,78,375.7,25,78,60,779.4,null,"10249"
1810.2,143,96,null,705,"**",382,null,89.2,41,378.9,34,98,61,972.4,"**","10032"
1410.6,null,75,"**",248,null,236,"**",216.8,100,null,39,141,null,1407.0,null,"10168"
1355.5,113,72,null,336,"**",225,"**",167.2,77,452.3,42,91,72,907.1,null,"10250"
2174.5,316,115,"**",950,"*",205,"**",64.5,30,718.0,28,48,115,475.8,"**","10014"
1589.2,264,84,null,848,"**",499,"**",211.6,98,505.1,111,93,81,930.6,null,"10055"
1184.8,79,63,null,409,"**",331,"**",142.5,66,237.1,47,96,38,961.2,"**","50051"
2119.3,119,112,"**",476,null,290,"*",192.4,89,533.3,44,128,85,1271.2,null,"10230"
544.6,22,29,"**",57,"**",47,"**",160.1,74,201.9,17,46,32,460.5,null,"20255"
1344.1,58,71,null,321,"**",244,"**",214.0,99,246.5,52,101,39,1002.5,null,"10256"
744.0,null,39,"**",45,null,30,"**",113.1,52,null,7,52,null,515.4,null,"10258"
1201.6,101,64,"**",559,"**",318,"**",141.0,65,230.2,63,67,37,671.3,"**","10063"
1801.7,57,96,"**",297,"**",237,null,182.0,84,350.0,30,143,56,1422.5,null,"10137"
2561.0,125,136,null,707,"**",311,"**",204.9,95,472.4,55,111,76,1109.7,null,"10071"
2039.5,158,108,"**",548,null,184,null,153.7,71,559.2,42,71,89,709.3,"*","10090"
2093.1,220,111,"**",947,"**",355,"**",104.8,48,509.3,45,79,81,782.5,"**","10041"
1791.2,203,95,"**",506,null,207,null,107.0,49,689.8,32,74,110,733.8,"**","10211"
2699.1,558,143,"**",1083,"**",149,"**",41.6,19,1378.4,17,37,220,369.9,"**","20028"
1149.5,17,61,null,142,"**",null,"**",null,null,140.1,null,null,22,null,null,"70006"
1673.5,75,89,null,235,null,113,null,213.7,99,501.3,31,83,80,831.8,null,"10188"
1905.1,184,101,"**",572,null,199,null,217.4,100,597.8,65,68,96,680.7,null,"10080"
2160.0,171,115,"**",830,"**",570,"**",203.4,94,470.5,75,147,75,1460.2,null,"10118"
1207.7,63,64,"*",224,"**",154,"**",188.5,87,329.9,37,82,53,818.0,null,"10292"
2805.3,229,149,"**",916,null,386,"**",228.4,106,690.9,72,123,110,1227.2,null,"10069"
1236.4,92,66,null,404,"**",338,"**",254.0,117,289.3,81,103,46,1028.6,null,"10049"
1453.2,57,77,null,299,"**",206,"**",115.9,54,293.7,22,101,47,1006.7,"**","10119"
2182.7,199,116,"*",452,"**",177,"**",110.2,51,1003.7,23,83,160,826.8,"**","10284"
2472.5,186,131,"**",686,null,225,"**",153.1,71,687.7,42,80,110,799.8,"*","10042"
1199.4,69,64,null,192,"**",177,"**",402.7,186,439.0,62,112,70,1117.3,"**","20005"
1617.0,170,86,"**",566,"**",402,"**",224.1,104,490.5,79,114,78,1136.9,null,"10173"
1636.9,146,87,"**",364,null,167,"**",147.9,68,649.5,33,76,104,757.8,"*","10103"
1693.7,91,90,"**",558,"**",433,"*",193.4,89,279.9,64,130,45,1298.8,null,"10050"
2027.4,257,108,"**",772,null,441,"*",194.3,90,666.5,76,115,107,1150.2,null,"10007"
1886.4,195,100,"**",686,"*",241,null,129.4,60,525.3,48,67,84,666.1,"**","10091"
2413.0,241,128,"**",442,"**",147,"**",90.4,42,1293.9,17,80,207,800.7,"**","10270"
2349.9,75,125,null,140,"**",49,"**",null,null,1204.6,null,84,193,839.8,null,"10271"
1857.2,105,99,"**",149,"**",29,null,122.3,57,1299.0,10,36,208,356.0,null,"20026"
1541.5,135,82,null,449,"**",291,"**",138.1,64,461.5,41,99,74,989.0,"**","10220"
1620.0,53,86,"*",152,null,112,null,359.8,166,531.2,36,121,85,1206.6,"**","10318"
1588.8,126,84,"*",646,"**",364,"**",157.6,73,318.7,63,89,51,884.8,"*","10064"
2088.2,214,111,null,851,"*",431,"**",195.3,90,529.8,78,107,85,1065.6,null,"10022"
3291.4,214,175,null,622,"**",192,"**",215.7,100,1097.3,41,105,175,1043.5,null,"10106"
1690.4,45,90,null,122,null,69,null,190.7,88,606.2,14,97,97,968.4,null,"10182"
3088.4,397,164,null,1220,"**",401,"**",161.8,75,967.6,65,104,155,1038.9,"*","10107"
null,null,null,null,null,null,null,null,null,null,null,null,null,null,null,null,"10108"
3628.2,198,193,null,321,"**",100,"**",98.7,46,2192.9,9,113,351,1128.9,"*","10278"
2077.4,21,110,"*",51,null,36,null,276.5,128,812.5,7,151,130,1503.3,null,"10164"
2938.6,193,156,null,588,"**",176,"**",175.5,81,907.2,36,92,145,916.2,null,"10105"
2479.4,228,132,"**",450,"**",133,"**",136.7,63,1154.8,26,77,185,769.2,"*","10246"
2243.8,262,119,"**",1036,null,566,"**",170.4,79,585.6,77,122,94,1211.7,"*","10021"
2989.3,445,159,null,737,"**",230,"**",128.5,59,1775.2,33,93,284,921.6,"**","10279"
1310.6,26,70,"**",165,"**",153,"**",117.0,54,198.5,15,125,32,1243.3,"*","10252"
1661.7,189,88,null,637,"**",361,"**",188.7,87,484.5,72,96,77,960.9,null,"10142"
1595.4,85,85,"**",405,"**",349,"**",217.2,100,337.6,54,139,54,1385.5,null,"10162"
1824.4,30,97,"**",192,"**",157,null,219.4,101,276.7,23,154,44,1536.1,null,"10193"
1661.4,93,88,null,287,null,157,"*",237.4,110,515.1,44,91,82,903.7,null,"10326"
1648.6,34,88,null,189,"**",111,null,98.3,45,301.4,11,98,48,972.1,"**","10031"
1211.3,null,64,null,167,null,156,"**",217.4,100,null,30,112,null,1119.2,null,"40061"
null,null,null,"*",null,null,27,null,167.5,77,null,7,65,null,652.0,null,"50096"
2976.3,139,158,"**",541,"*",358,"**",394.9,183,770.3,71,199,123,1982.3,"**","10098"
1625.9,32,86,null,65,null,31,null,121.8,56,741.5,5,82,119,818.0,null,"10161"
1586.0,86,84,"**",234,null,93,"**",130.1,60,566.3,19,65,91,652.5,"*","10201"
1783.6,82,95,"**",372,"**",360,null,357.4,165,382.8,76,175,61,1743.7,"**","10195"
1839.9,243,98,"*",616,"*",289,null,308.4,143,730.6,103,86,117,861.1,"**","10096"
2646.0,381,140,"**",1218,"**",317,"**",110.4,51,840.0,50,69,134,689.5,"**","10043"
1478.2,75,78,null,414,"**",302,"**",146.6,68,272.9,40,109,44,1081.8,"*","10028"
2455.3,284,130,"**",956,"**",605,"**",324.2,150,731.6,125,157,117,1564.4,"**","10099"
1962.1,156,104,null,444,null,231,null,102.8,48,684.8,24,101,109,1005.8,"**","10011"
1257.2,55,67,null,176,"**",null,"**",null,null,387.8,null,null,62,null,null,"80022"
2480.3,118,132,"**",419,null,194,"**",370.9,171,656.9,63,121,105,1207.8,"**","10294"
2006.4,87,106,null,224,null,97,null,103.7,48,723.5,12,91,116,908.6,"**","10236"
2232.2,133,118,null,616,"*",306,"**",174.2,81,502.8,47,110,80,1091.1,null,"10072"
null,null,null,null,null,null,156,null,412.4,191,null,61,107,null,1062.0,"**","40045"
726.5,36,39,"**",147,"**",90,"**",83.5,39,179.2,17,44,29,442.4,"**","20054"
1919.7,79,102,null,202,null,105,null,290.2,134,729.3,30,104,117,1036.4,null,"10295"
1036.0,59,55,"**",270,"**",206,"**",127.7,59,226.9,33,80,36,793.8,"**","10143"
2899.7,229,154,"**",568,"**",250,"**",260.1,120,1136.2,51,132,182,1310.3,null,"10001"
1594.7,110,85,"**",371,"**",291,"**",279.2,129,477.0,64,126,76,1255.5,"*","10102"
1131.7,39,60,null,119,"**",101,"**",257.6,119,357.8,27,100,57,996.7,null,"10166"
999.2,57,53,"*",189,"**",152,"**",173.6,80,290.8,34,81,46,809.4,null,"10196"
921.1,120,49,"**",212,"**",143,"**",283.7,131,494.1,66,65,79,648.8,"*","40003"
1124.4,null,60,null,154,null,146,"**",224.3,104,null,31,108,null,1075.8,null,"10194"
1854.9,186,98,"**",528,null,198,null,164.0,76,649.7,47,70,104,696.5,null,"10121"
1639.9,null,87,"**",404,null,356,"**",283.7,131,null,72,146,null,1452.7,"*","10313"
1395.6,43,74,null,128,"*",96,"**",319.9,148,443.0,31,107,71,1063.4,"*","10319"
2125.7,215,113,null,813,null,370,"**",153.5,71,569.2,57,98,91,978.5,"**","10109"
3085.6,339,164,null,1306,"**",392,"**",259.1,120,798.9,109,93,128,931.3,null,"10068"
2356.1,390,125,null,1190,"**",477,"**",138.5,64,794.7,68,95,127,942.1,"**","10067"
1074.1,92,57,"**",426,"**",315,"**",119.8,55,233.4,47,80,37,796.7,"**","10144"
2098.8,145,111,null,622,"**",311,"**",197.0,91,491.4,58,106,79,1052.0,null,"10073"
1369.4,65,73,null,208,"**",153,"**",222.2,103,410.7,35,102,66,1018.8,null,"10177"
1775.9,125,94,"**",495,"**",193,null,181.9,84,446.3,51,70,71,692.7,null,"10150"
1082.8,83,57,"**",260,"**",158,"**",91.0,42,357.1,21,66,57,659.5,"**","20023"
1419.2,39,75,null,171,"**",124,"**",159.4,74,320.3,20,102,51,1011.9,null,"10298"
1123.6,null,60,null,163,null,129,"**",147.8,68,null,22,93,null,928.1,null,"10299"
1907.1,243,101,"**",742,null,261,null,173.9,80,610.3,69,68,98,675.3,null,"10016"
1949.7,226,103,"**",541,"**",124,null,150.6,70,811.2,41,46,130,455.4,"*","10017"
2350.8,269,125,"**",846,"**",185,"**",107.5,50,732.7,39,52,117,521.8,"**","10015"
1397.2,132,74,null,614,"**",463,"**",166.1,77,305.7,72,105,49,1049.3,"*","10147"
2573.4,122,137,null,232,"**",80,"**",130.6,60,1343.1,12,89,215,882.0,null,"10274"
1717.6,47,91,null,286,"**",164,null,163.2,75,277.5,28,98,44,979.7,null,"10175"
1637.3,131,87,"**",360,null,171,"**",139.7,65,596.6,31,78,95,773.5,"*","10202"
2008.7,324,107,"**",568,"**",197,null,101.4,47,1144.3,29,69,183,692.1,"**","10272"
2114.8,334,112,"**",1133,null,345,"**",140.5,65,644.7,73,64,103,639.9,"**","10077"
1492.2,42,79,null,275,"**",210,"**",147.0,68,230.7,27,113,37,1129.9,"*","10123"
1526.6,12,81,"**",169,"**",84,"**",56.8,26,114.9,6,75,18,748.3,"**","20007"
1971.4,146,105,null,410,null,223,null,142.7,66,696.2,30,108,111,1072.8,"*","10010"
1812.6,98,96,"**",359,"*",264,null,252.8,117,494.2,49,136,79,1355.9,null,"10100"
2533.5,154,134,"**",610,null,163,"**",86.8,40,635.8,21,68,102,679.6,"**","10044"
1067.1,32,57,null,56,null,39,"**",355.0,164,607.7,18,77,97,762.8,"*","20155"
1392.6,12,74,null,53,"**",44,"*",180.1,83,299.6,7,119,48,1190.1,null,"50126"
796.6,38,42,"**",138,"**",79,"**",113.6,53,226.9,19,46,36,455.2,"**","10139"
2225.0,186,118,"**",640,null,334,"**",326.8,151,640.3,97,115,102,1147.3,"**","10189"
2187.4,159,116,null,624,null,310,"**",153.0,71,570.1,42,110,91,1094.4,"*","10045"
1323.7,null,70,null,101,null,91,"**",253.5,117,null,20,119,null,1187.5,null,"10254"
1842.1,37,98,"**",131,null,119,null,381.9,176,511.6,28,167,82,1664.3,"**","10165"
2028.1,97,108,"*",328,null,194,null,238.6,110,595.2,39,120,95,1198.7,null,"10231"
1227.5,107,65,"**",446,"**",245,"**",61.3,28,311.3,21,67,50,671.6,"**","20025"
1575.1,51,84,null,147,null,81,"*",113.0,52,535.3,11,86,86,858.2,"*","10176"
1935.7,75,103,null,308,"**",null,null,null,null,432.4,null,null,69,null,null,"30203"
2014.8,275,107,"**",854,null,309,null,138.5,64,655.6,57,74,105,738.1,"**","10086"
1998.2,205,106,"**",686,null,228,null,112.0,52,599.7,39,66,96,655.1,"**","10093"
1631.8,95,87,null,390,"**",267,"**",155.5,72,393.9,38,112,63,1112.4,"*","10221"
1415.5,145,75,null,308,null,208,"**",274.8,127,667.5,61,95,107,942.4,null,"40015"
3151.8,436,167,"**",1088,"**",165,"**",80.9,37,1310.3,27,48,210,474.8,"**","20044"
1591.7,155,84,"**",538,"**",227,"**",188.1,87,452.6,63,69,72,684.0,null,"10151"
851.9,9,45,"**",47,"**",28,"**",null,null,154.7,null,53,25,531.0,null,"10199"
1130.5,65,60,null,108,null,74,"**",342.9,158,658.1,33,80,105,796.1,"**","40008"
1167.0,null,62,null,82,null,77,"**",547.1,253,null,38,115,null,1141.6,"**","50119"
1896.9,282,101,"**",1027,"**",386,null,182.8,84,520.7,101,71,83,703.4,null,"10152"
2071.6,280,110,"**",861,null,268,"**",144.6,67,679.7,59,65,109,648.0,"**","10092"
1212.8,73,64,"*",228,"**",152,"**",127.7,59,389.0,24,81,62,809.4,"**","10197"
4287.7,414,228,null,599,"**",null,"**",null,null,2852.8,null,null,456,null,null,"60013"
2446.2,132,130,null,241,"**",null,"**",null,null,1311.9,null,null,210,null,null,"60021"
1923.1,189,102,"**",517,null,138,null,120.1,56,683.5,33,52,109,520.3,"**","10018"
1189.3,65,63,"*",202,"**",141,"**",169.6,78,388.7,29,82,62,815.2,null,"10198"
1147.2,null,61,null,148,null,121,"**",188.7,87,null,25,98,null,973.0,null,"10157"
717.3,null,38,"**",116,null,110,"**",152.4,70,null,25,70,null,702.0,null,"40002"
null,null,null,null,null,null,27,null,null,null,null,null,115,null,1149.6,null,"40082"
940.3,47,50,null,149,"**",136,"**",240.2,111,284.4,39,88,45,875.1,null,"20274"
2943.9,234,156,"**",981,"*",435,"**",184.5,85,712.3,60,132,114,1311.5,null,"10074"
1632.9,117,87,"**",298,null,136,"*",193.8,90,632.0,35,76,101,761.6,null,"10104"
1847.3,75,98,"**",292,"**",202,null,194.1,90,448.4,32,131,72,1307.6,null,"10259"
1868.4,169,99,"**",414,"*",159,null,103.9,48,734.1,25,70,117,701.9,"**","10237"
2227.4,null,118,"**",493,null,481,"**",561.0,259,null,125,215,null,2141.6,"**","40022"
1052.1,30,56,null,141,"**",121,"**",111.3,51,211.4,15,95,34,946.3,"**","50124"
1955.0,255,104,"**",759,null,237,null,157.4,73,649.9,62,61,104,610.9,"*","10083"
2294.2,322,122,"**",1101,null,561,"**",299.1,138,682.0,140,118,109,1174.0,"**","10133"
1433.6,37,76,null,121,"*",79,"**",155.9,72,441.6,13,94,71,938.7,null,"10222"
2230.2,377,118,"*",1357,null,670,"**",166.9,77,661.5,96,109,106,1082.3,"*","10128"
null,null,null,"**",null,null,301,null,814.5,376,null,91,281,null,2794.9,"**","40097"
1092.0,97,58,null,272,"**",233,"**",270.4,125,382.5,69,94,61,938.3,null,"40041"
1855.4,79,98,null,168,"*",73,null,97.5,45,832.4,9,83,133,829.0,"*","10204"
1248.8,76,66,"**",340,"**",319,"**",265.0,122,283.1,71,117,45,1169.6,null,"40053"
null,null,null,"*",null,null,47,null,337.8,156,null,12,141,null,1405.7,null,"10170"
1822.2,151,97,"**",251,"**",77,null,80.7,37,1118.7,11,56,179,554.3,"**","10280"
2538.8,270,135,"**",799,"**",363,"**",309.0,143,852.1,97,117,136,1166.3,"**","10110"
1445.5,132,77,"**",534,"**",461,"**",234.8,109,348.9,89,126,56,1251.8,null,"40037"
2513.6,327,133,"**",1236,"*",599,"**",364.7,169,705.0,169,122,113,1215.1,"**","10038"
2010.0,311,107,null,997,null,452,"*",183.3,85,625.1,91,92,100,914.0,null,"10132"
1723.0,242,91,"**",811,"**",334,"*",146.2,68,529.5,66,72,85,712.8,"**","10024"
2221.1,179,118,"**",760,"*",210,"**",162.5,75,517.4,56,62,83,618.5,"*","10153"
1502.4,136,80,null,298,null,null,"**",null,null,689.6,null,null,110,null,null,"80000"
2168.4,282,115,"**",516,"**",184,"**",92.2,43,1176.5,22,78,188,778.1,"**","10273"
2660.7,344,141,"**",784,"**",253,"**",216.0,100,1156.5,67,84,185,835.0,null,"10002"
1801.1,232,96,"**",727,null,322,null,155.6,72,576.0,62,81,92,803.4,"**","10122"
2502.3,134,133,"**",652,"*",310,"**",146.4,68,508.1,37,123,81,1227.7,"*","10116"
2694.2,182,143,"**",551,"**",254,"**",311.9,144,901.3,62,126,144,1254.9,"**","10111"
2042.9,74,108,"**",272,null,193,null,234.5,108,552.7,32,144,88,1432.1,null,"10300"
1963.8,66,104,"**",459,"**",397,null,206.7,96,280.8,49,170,45,1693.5,null,"10156"
1276.0,27,68,"**",69,null,30,"**",88.7,41,474.1,5,57,76,565.0,"*","10296"
1105.7,39,59,null,172,"**",134,"**",122.3,57,255.1,19,85,41,849.9,"*","10124"
1312.1,103,70,"*",442,"**",289,"**",149.7,69,305.4,50,87,49,864.8,"**","10141"
1247.8,145,66,"**",613,"**",398,"**",119.9,55,294.2,59,82,47,813.3,"**","10145"
1603.3,95,85,null,351,"**",214,"**",130.9,61,440.3,29,97,70,961.8,"**","10232"
486.1,8,26,null,23,"**",null,"**",null,null,176.6,null,null,28,null,null,"80024"
1525.9,66,81,"**",270,"**",123,"**",96.4,45,401.5,16,69,64,684.4,"**","10075"
2749.3,218,146,null,503,"**",167,"**",224.3,104,1139.0,42,94,182,937.8,null,"10000"
null,null,null,null,null,null,45,null,238.7,110,null,15,76,null,754.1,null,"10260"
2640.2,348,140,null,833,"**",313,"**",181.4,84,1102.9,58,99,176,983.5,null,"10003"
1635.0,148,87,null,416,null,260,"**",168.6,78,653.6,42,96,104,957.9,null,"20138"
1764.6,68,94,"**",335,"**",254,null,279.9,129,354.3,55,132,57,1319.8,null,"10185"
1546.7,193,82,"*",647,"**",471,"**",344.2,159,478.5,140,112,77,1115.1,"**","10125"
1265.0,76,67,null,237,"**",187,"**",299.1,138,393.5,58,101,63,1002.5,"*","20264"
887.4,116,47,"**",363,"**",250,"**",133.2,62,283.9,54,62,45,616.8,"**","10138"
1370.3,104,73,null,646,"**",512,"**",165.9,77,224.1,78,108,36,1074.0,"*","10051"
2549.7,178,135,"**",676,null,321,"**",185.8,86,673.2,49,122,108,1216.6,null,"10126"
1158.9,48,62,null,224,"**",205,"**",195.3,90,252.2,38,105,40,1041.4,null,"10308"
1302.9,88,69,"**",163,null,73,"**",null,null,684.3,null,60,109,597.2,null,"20050"
2491.0,320,132,"**",1245,null,584,"**",223.2,103,660.4,109,116,106,1157.2,null,"10127"
2340.2,191,124,null,503,"**",228,"**",170.9,79,892.7,36,108,143,1071.9,null,"10285"
1922.4,103,102,"**",391,"*",247,null,178.1,82,493.8,36,125,79,1246.9,null,"10233"
1607.3,130,85,"**",630,"**",475,"**",143.0,66,336.2,55,122,54,1216.9,"**","10148"
2009.2,222,107,"**",681,null,290,null,187.2,87,669.3,62,85,107,851.0,null,"10081"
2301.3,132,122,null,302,"**",124,"**",148.6,69,1014.4,19,96,162,957.2,null,"10287"
1933.0,17,103,null,92,"*",51,null,null,null,354.3,null,108,57,1071.5,null,"10146"
1182.9,99,63,"**",301,"**",205,"**",183.6,85,399.8,45,81,64,804.5,null,"10140"
4244.3,597,225,"**",1833,"**",635,"**",268.2,124,1425.5,114,146,228,1450.1,"*","20137"
1501.8,108,80,"**",608,"**",347,"**",153.1,71,273.9,61,85,44,848.9,"**","10059"
3043.9,153,162,"**",387,"**",162,"**",203.3,94,1193.6,26,128,191,1280.0,null,"10004"
3761.2,713,200,"**",1465,"**",848,"**",697.3,322,1833.2,268,220,293,2195.1,"**","20172"
1988.0,163,106,"**",469,null,148,null,205.6,95,685.0,49,63,110,628.3,null,"10084"
null,null,null,null,null,null,null,null,null,null,null,null,null,null,null,null,"80023"
2570.8,315,136,"*",1023,"**",348,"**",225.9,104,802.2,88,88,128,877.9,null,"10078"
1525.9,156,81,null,236,"**",null,"**",null,null,985.5,null,null,158,null,null,"60022"
4791.2,307,254,null,1157,"**",null,"**",null,null,1275.3,null,null,204,null,null,"60015"
2867.8,76,152,null,187,"**",null,"**",null,null,1139.5,null,null,182,null,null,"60011"
1628.9,113,86,null,415,"**",233,"**",178.3,82,443.3,46,91,71,908.1,null,"10056"
1479.7,25,79,"**",200,"**",104,"**",95.2,44,185.4,13,77,30,764.4,"**","10065"
1840.0,343,98,"**",1030,null,695,null,306.6,142,611.6,168,127,98,1263.8,"**","10101"
1208.0,30,64,null,185,"**",130,"**",110.3,51,181.4,17,91,29,906.6,"**","10302"
1361.4,26,72,null,109,"**",86,"**",218.5,101,303.1,18,113,48,1124.5,null,"10320"
2178.5,101,116,"**",368,null,252,"**",258.0,119,581.2,45,151,93,1500.6,null,"10180"
2360.1,65,125,"**",199,null,130,"**",337.6,156,725.1,29,162,116,1613.9,"*","10179"
null,null,null,null,null,null,null,null,null,null,null,null,null,null,null,null,"10224"
1558.7,171,83,"**",780,"**",382,"**",153.9,71,341.2,77,77,55,765.4,"**","10066"
2040.4,60,108,"**",300,"**",280,null,357.5,165,400.7,54,191,64,1901.9,"**","10238"
1768.4,89,94,"**",399,"**",343,null,243.9,113,365.9,57,160,59,1589.9,null,"10239"
1881.1,174,100,null,643,null,326,null,137.6,64,553.4,46,92,88,915.5,"**","10046"
2102.5,186,112,null,701,null,332,"**",191.8,89,572.0,63,99,91,986.8,null,"10112"
6250.8,127,332,null,399,"**",null,"**",null,null,1998.5,null,null,320,null,null,"60016"
1594.4,117,85,"**",355,"*",129,"**",121.6,56,503.5,28,59,81,588.6,"**","10227"
1555.3,231,83,null,744,"**",462,"**",254.2,117,502.8,118,96,80,953.2,null,"10057"
2870.6,344,152,null,768,"**",272,"**",300.7,139,1239.9,82,104,198,1036.2,"**","10303"
2391.0,165,127,null,404,"**",191,"**",171.3,79,971.5,29,114,155,1134.1,null,"10286"
2416.8,323,128,"**",1200,null,607,"**",196.0,91,650.2,96,124,104,1236.5,null,"10023"
4033.0,206,214,null,379,"**",null,"**",null,null,2182.1,null,null,349,null,null,"60010"
1870.3,64,99,null,235,"*",129,null,269.8,125,483.5,34,108,77,1074.5,null,"10190"
1487.6,63,79,"**",260,"**",122,"**",62.7,29,356.0,11,71,57,705.7,"**","10205"
812.3,30,43,"**",109,"**",97,"**",173.1,80,206.8,24,76,33,760.7,null,"20192"
2172.1,198,115,"**",383,"**",140,"**",116.2,54,1056.1,22,80,169,800.9,"**","10242"
1779.3,50,94,null,122,null,52,null,140.8,65,687.0,10,79,110,783.8,null,"10212"
1983.6,50,105,null,156,null,86,null,214.4,99,607.0,17,114,97,1134.4,null,"10297"
1927.4,140,102,"**",701,"**",481,null,181.8,84,393.1,64,133,63,1329.3,null,"10120"
2089.1,278,111,"**",558,"**",214,"*",143.0,66,1053.9,38,80,168,797.9,"*","20130"
1688.9,null,90,"**",267,null,242,null,295.1,136,null,47,154,null,1538.4,"*","10301"
8021.0,194,426,null,374,"**",null,"**",null,null,4178.4,null,null,668,null,null,"60004"
1809.5,93,96,"**",290,null,265,null,478.0,221,570.2,79,165,91,1645.9,"**","10310"
2864.4,224,152,"**",821,"**",350,"**",258.2,119,791.7,71,125,127,1242.3,null,"10070"
1368.0,85,73,null,469,"**",359,"**",134.9,62,254.2,45,105,41,1045.2,"**","10149"
null,null,null,null,null,null,null,null,null,null,null,null,null,null,null,null,"10241"
1324.2,26,70,null,52,null,44,"*",482.2,223,648.2,19,115,104,1141.2,"**","10218"
2224.2,141,118,null,541,null,268,"**",270.1,125,617.3,64,107,99,1068.3,null,"10135"
1393.6,40,74,null,168,"**",132,"**",178.8,83,316.6,23,110,51,1092.1,null,"10240"
1688.4,39,90,null,172,"**",null,null,null,null,386.1,null,null,62,null,null,"70013"
1898.2,25,101,null,90,null,48,null,null,null,506.1,null,104,81,1035.5,null,"10174"
2268.3,239,120,"**",655,"**",353,"**",157.3,73,846.7,45,121,135,1206.3,"*","10288"
1644.5,20,87,"**",84,"*",74,null,239.3,111,398.5,12,145,64,1446.7,null,"10268"
2264.7,74,120,null,168,"**",64,"*",120.7,56,978.9,9,88,157,875.8,null,"10208"
1860.5,215,99,null,562,null,281,null,191.9,89,707.1,58,94,113,937.5,null,"10184"
1526.6,79,81,null,218,null,120,"**",88.7,41,545.1,13,84,87,836.4,"**","10178"
1378.3,41,73,null,298,"**",242,"**",103.7,48,194.7,22,112,31,1111.7,"**","10029"
1531.1,51,81,"*",263,"**",202,"**",207.0,96,279.3,38,119,45,1188.7,null,"10187"
2595.3,291,138,"**",710,"**",225,"**",109.1,50,1059.5,30,83,169,823.7,"**","10207"
1929.5,57,102,"**",162,null,129,null,629.0,291,705.1,52,151,113,1501.5,"**","20082"
2214.0,253,118,"**",631,"**",236,"**",99.3,46,901.4,28,83,144,825.0,"**","10209"
2056.1,343,109,null,1233,null,597,"**",110.4,51,576.6,66,100,92,992.8,"**","10047"
873.7,39,46,"**",118,"**",80,"**",243.6,113,279.5,34,60,45,596.7,null,"20218"
2538.5,173,135,null,666,null,null,"**",null,null,642.6,null,null,103,null,null,"30190"
3118.7,316,166,"**",1430,null,349,"**",128.7,59,691.0,58,77,110,769.1,"**","10089"
3145.4,247,167,"**",940,"**",405,"**",194.0,90,851.7,56,136,136,1353.6,null,"10033"
2033.3,147,108,"**",655,"**",191,null,103.1,48,441.2,33,62,71,613.9,"**","10154"
2352.9,134,125,"**",215,"**",123,"**",580.2,268,1433.9,55,134,229,1335.5,"**","10304"
2169.1,186,115,"**",584,null,352,"**",174.1,80,690.9,46,133,110,1326.9,null,"10289"
1211.9,85,64,"**",351,"**",207,"**",135.0,62,303.2,38,71,48,709.1,"**","20002"
704.4,31,37,null,146,"**",null,"**",null,null,159.6,null,null,26,null,null,"70005"
931.7,29,49,null,104,"**",null,"**",null,null,253.1,null,null,40,null,null,"80017"
1344.8,131,71,null,397,"**",282,"**",204.1,94,432.7,59,100,69,991.7,null,"10163"
923.9,null,49,null,72,null,67,"**",187.1,86,null,15,88,null,873.2,null,"10265"
1336.0,null,71,"**",152,null,145,"**",315.2,146,null,38,130,null,1290.3,"*","10171"
1509.8,41,80,null,141,"*",91,"**",236.0,109,426.0,23,98,68,975.0,null,"10328"
2538.3,265,135,"**",786,"**",218,"**",147.3,68,843.6,46,71,135,709.9,"**","10088"
1234.0,30,65,null,101,"**",92,"**",292.3,135,363.8,24,113,58,1130.5,null,"10262"
1413.7,81,75,"**",242,"**",224,"**",403.1,186,461.7,69,134,74,1336.8,"**","10263"
1424.6,36,76,"**",172,"**",85,"**",99.4,46,298.0,12,71,48,704.7,"**","10062"
481.3,41,26,"**",89,"**",60,"**",184.5,85,215.1,34,34,34,334.2,null,"20208"
1535.0,131,81,"**",678,"**",369,"**",185.0,86,297.7,82,83,48,831.1,null,"10060"
3145.1,150,167,"**",332,"**",70,"**",217.9,101,1403.7,23,67,224,670.6,null,"20038"
1859.1,65,99,null,185,null,111,null,291.2,135,637.7,30,112,102,1116.7,null,"10329"
1398.9,71,74,null,197,"*",123,"**",119.3,55,495.8,17,88,79,879.3,"*","10219"
1893.9,184,101,null,510,null,240,null,334.3,154,701.5,87,90,112,894.6,"**","10097"
1296.4,73,69,null,470,"**",392,"**",122.4,57,205.0,44,108,33,1076.3,"**","10027"
794.3,15,42,"**",58,"**",43,"**",123.4,57,207.4,9,59,33,583.6,null,"20078"
389.1,14,21,null,26,"**",null,"**",null,null,200.1,null,null,32,null,null,"60044"
2398.0,323,127,"**",1119,"*",610,"**",335.2,155,701.9,155,130,112,1299.3,"**","10136"
2175.4,255,115,"**",727,"**",260,"**",150.3,69,779.9,48,79,125,789.1,"*","10087"
2265.2,305,120,"**",903,"**",321,"**",161.1,74,783.7,63,80,125,800.6,"*","10130"
2099.5,101,111,"**",453,"**",388,"*",382.8,177,430.2,87,188,69,1876.1,"**","10169"
1570.3,60,83,"**",184,null,145,"*",243.2,112,515.2,28,125,82,1246.4,null,"10217"
3460.4,150,184,"**",343,"**",159,"**",741.4,343,1401.5,74,171,224,1708.2,"**","10305"
1116.7,24,59,null,78,"**",65,"**",271.1,125,344.0,19,94,55,932.3,null,"20069"
2294.1,125,122,null,431,null,187,"**",173.6,80,659.1,33,100,105,1000.7,null,"10082"
2054.6,78,109,"**",331,"*",280,null,326.7,151,470.8,54,176,75,1750.6,"**","10321"
2264.9,142,120,"**",540,null,296,"**",231.9,107,622.8,53,123,100,1229.8,null,"10129"
2963.1,233,157,"**",543,"**",271,"**",444.0,205,1226.6,84,150,196,1496.5,"**","20181"
1472.3,52,78,null,171,"*",null,"**",null,null,468.4,null,null,75,null,null,"30033"
2163.6,105,115,"**",434,null,379,"**",370.8,171,525.6,75,189,84,1878.9,"**","10322"
2395.1,103,127,"*",258,"**",82,"**",79.5,37,892.3,9,79,143,786.4,"**","10247"
3549.9,705,188,null,1293,"**",370,"**",297.0,137,1952.0,110,100,312,998.3,"**","20141"
2031.5,58,108,"**",205,null,52,null,81.3,38,586.4,8,52,94,515.2,"**","20048"
1980.2,133,105,null,385,null,217,null,170.4,79,683.0,34,110,109,1098.3,null,"10183"
1153.7,17,61,null,92,"**",65,"**",141.3,65,222.2,11,81,36,803.3,null,"20068"
1837.9,176,98,"**",796,"**",207,null,108.7,50,406.8,47,48,65,478.4,"**","10155"
1610.1,85,85,"**",280,"*",116,"**",125.3,58,488.9,22,66,78,662.1,"**","10052"
1432.1,null,76,"**",160,null,149,"**",390.9,181,null,45,139,null,1384.5,"**","50118"
1923.9,133,102,"**",501,"*",207,null,92.2,43,507.7,24,80,81,800.2,"**","10053"
2793.0,273,148,"**",811,"**",391,"**",178.4,82,915.7,54,135,146,1341.1,null,"10243"
1262.9,53,67,null,233,"**",187,"**",195.7,90,275.2,37,104,44,1036.7,null,"10269"
2780.9,158,148,"**",506,"**",239,"**",190.9,88,854.7,37,128,137,1278.3,null,"10244"
1627.7,80,86,"*",237,null,113,"*",180.2,83,545.4,26,79,87,788.7,null,"10113"
2980.8,192,158,"**",684,"**",285,"**",188.2,87,867.0,41,126,139,1250.8,null,"10034"
1793.3,92,95,null,287,null,180,null,179.4,83,568.7,29,113,91,1128.4,null,"10223"
1355.2,47,72,null,286,"**",232,"**",129.9,60,224.7,27,111,36,1103.6,"**","10030"
2227.1,166,118,null,580,null,236,"**",143.7,66,650.3,36,92,104,914.7,"*","10025"
2077.2,195,110,null,698,null,344,"*",136.0,63,604.8,44,102,97,1015.4,"**","10048"
3222.7,404,171,"*",952,"**",256,"**",169.3,78,1380.9,50,86,221,861.4,null,"10114"
1883.7,105,100,"**",257,"*",91,null,102.2,47,762.3,14,67,122,671.3,"**","10213"
1037.9,null,55,null,87,null,82,"**",244.8,113,null,21,101,null,1006.9,null,"10311"
1768.2,246,94,null,1174,"**",676,"*",146.7,68,400.7,92,100,64,999.3,"**","10039"
1703.6,79,90,"**",287,"*",108,null,77.4,36,471.4,13,64,75,638.6,"**","10054"
2437.4,524,129,"**",1002,"**",254,"**",97.4,45,1289.2,40,62,206,612.9,"**","20045"
1591.5,77,84,"**",272,"**",99,"**",78.4,36,461.6,13,58,74,580.5,"**","10026"
1855.4,75,98,null,257,null,138,null,202.6,94,546.6,28,99,87,991.1,null,"10058"
1156.6,40,61,null,153,"**",null,"**",null,null,312.2,null,null,50,null,null,"80004"
1605.5,34,85,"*",86,null,35,null,111.7,52,605.9,6,69,97,682.5,null,"10214"
2273.7,263,121,"**",727,"**",193,"**",136.8,63,825.9,43,61,132,610.7,"**","10020"
677.5,62,36,"**",232,"**",186,"**",131.5,61,188.7,43,54,30,541.6,"**","50063"
3519.8,283,187,"**",921,"**",415,"**",409.4,189,1078.8,109,158,172,1573.0,"**","10134"
null,null,null,"**",null,null,203,null,311.5,144,null,29,211,null,2099.1,"*","50102"
2161.3,97,115,"**",428,"**",245,"**",260.6,120,474.0,53,126,76,1251.3,null,"10191"
1275.7,21,68,null,68,"**",47,"**",180.5,83,357.3,10,94,57,940.7,null,"10325"
645.9,17,34,"**",86,"**",76,"**",81.2,38,118.3,11,61,19,605.5,"**","20228"
1732.4,195,92,"**",362,"**",132,null,52.8,24,930.8,11,64,149,634.8,"**","20051"
1905.2,369,101,"**",775,"**",198,null,101.4,47,908.3,41,49,145,488.8,"**","20094"
1401.1,131,74,"**",473,"**",396,"**",257.8,119,365.9,94,118,59,1176.5,null,"40089"
1393.1,82,74,"*",233,"*",133,"**",120.4,56,486.5,20,81,78,806.7,"**","10228"
1249.9,null,66,null,181,null,154,"**",197.9,91,null,29,108,null,1076.3,null,"10317"
1776.9,106,94,"**",283,null,101,null,95.0,44,673.6,15,63,108,632.5,"**","10206"
1255.6,30,67,null,164,"**",null,"**",null,null,221.7,null,null,35,null,null,"80016"
3695.3,192,196,null,613,"**",null,"**",null,null,1125.8,null,null,180,null,null,"30025"
1678.5,191,89,"**",658,"**",242,"**",153.2,71,488.7,60,62,78,617.7,"**","10061"
1350.2,47,72,"**",154,"**",57,"**",149.7,69,411.3,17,50,66,501.9,null,"20041"
1349.3,75,72,"*",274,"**",234,"**",227.8,105,366.1,47,116,59,1151.4,null,"10266"
2185.0,173,116,null,310,"**",null,"**",null,null,1208.4,null,null,193,null,null,"60020"
1578.3,100,84,"*",302,"*",218,"**",319.3,148,499.6,65,114,80,1139.8,"**","10323"
1195.1,106,63,null,303,"**",240,"**",356.3,165,411.4,91,96,66,957.1,"**","40050"
2383.5,104,127,"**",485,"**",429,"**",454.4,210,484.6,98,214,77,2128.1,"**","10167"
1833.6,46,97,null,165,null,81,null,119.3,55,501.5,11,91,80,901.9,"*","10200"
564.6,26,30,"**",100,"**",63,"**",64.8,30,137.6,12,37,22,365.8,"**","20222"
2990.0,545,159,"**",1216,"**",313,"**",191.0,88,1375.3,77,76,220,759.3,null,"20036"
2026.0,415,108,"**",1211,null,378,"*",184.4,85,688.5,114,62,110,622.5,null,"10085"
2104.8,132,112,null,581,"**",285,"**",180.2,83,484.4,49,104,77,1033.3,null,"10117"
1358.5,114,72,"**",467,"**",173,"**",65.9,30,363.3,21,50,58,494.9,"**","10040"
2510.0,389,133,"**",1566,null,755,"**",176.2,81,652.9,103,122,104,1219.1,"*","10036"
1616.3,81,86,"**",248,null,196,"*",249.2,115,534.2,39,125,85,1247.5,null,"10267"
1636.5,47,87,null,130,null,70,null,72.8,34,560.9,6,91,90,902.1,"**","10290"
1942.1,144,103,null,612,"**",286,null,165.1,76,476.4,51,90,76,891.8,null,"10076"
2425.7,156,129,"*",293,"**",94,"**",127.1,59,1243.1,16,79,199,783.0,"*","10275"
3117.0,73,165,"**",276,"**",129,"**",284.9,132,846.8,24,148,135,1472.8,null,"10035"
2411.4,284,128,"**",1167,null,620,"**",201.7,93,628.6,91,128,101,1275.0,null,"10037"
561.9,53,30,null,137,"**",null,"**",null,null,235.3,null,null,38,null,null,"80008"
1690.1,187,90,null,543,null,null,"*",null,null,598.8,null,null,96,null,null,"80011"
1018.8,42,54,null,118,"**",102,"**",293.3,136,345.8,34,92,55,920.8,null,"10159"
1685.6,75,89,"**",302,"**",279,null,356.8,165,405.6,66,158,65,1569.7,"**","10160"
2541.7,263,135,"**",670,"**",183,"**",72.5,34,975.0,20,69,156,687.1,"**","10248"
1718.1,62,91,"**",358,"**",311,null,243.5,113,299.1,50,151,48,1502.8,null,"50065"
1179.9,53,63,null,298,"**",null,"**",null,null,229.9,null,null,37,null,null,"80010"
2353.9,57,125,null,144,"**",null,"**",null,null,897.4,null,null,143,null,null,"80012"
2415.7,273,128,"**",574,"**",182,"**",225.2,104,1119.7,54,78,179,780.7,null,"10005"
2094.4,86,111,null,203,"**",76,null,126.8,59,880.8,12,81,141,803.0,null,"10210"
2464.0,209,131,"*",559,"**",192,"**",140.9,65,932.7,32,84,149,836.8,"*","10131"
1792.3,117,95,"**",456,"**",422,null,365.7,169,467.8,92,166,75,1655.0,"**","40025"
1778.6,117,94,null,373,null,199,null,120.9,56,548.3,26,95,88,949.8,"**","10229"
2224.1,177,118,"*",310,"**",110,"**",132.8,61,1242.2,19,80,199,793.1,"*","10277"
1766.2,49,94,"**",99,null,26,null,null,null,812.5,null,47,130,465.7,null,"10215"
396.5,null,21,"**",46,null,30,"**",77.0,36,null,9,27,null,270.7,"**","20189"
2775.3,327,147,null,571,"**",207,"**",142.3,66,1546.6,30,102,247,1015.6,"*","10281"
1054.1,null,56,null,67,null,62,"**",260.3,120,null,17,97,null,970.3,null,"10312"
966.7,24,51,null,100,"**",85,"**",182.8,84,231.1,19,83,37,823.6,null,"40052"
1529.7,44,81,null,319,"**",234,"**",166.6,77,211.9,35,112,34,1116.4,null,"10314"
3354.3,327,178,"**",706,"**",290,"**",475.6,220,1510.3,105,137,241,1366.3,"**","10306"
2108.0,275,112,"**",811,"*",97,"**",38.0,18,708.1,15,25,113,250.3,"**","20027"
3466.3,371,184,"**",995,"**",392,"**",488.7,226,1270.6,149,134,203,1330.9,"**","10307"
1446.8,48,77,"**",303,"**",256,"**",191.1,88,231.8,40,122,37,1210.9,null,"10315"
2242.4,43,119,null,171,null,72,"*",107.6,50,565.0,8,97,90,963.1,"*","10115"
null,null,null,null,null,null,91,null,498.6,230,null,43,106,null,1060.3,"**","20145"
1407.0,75,75,null,227,"**",161,"**",263.2,122,441.3,45,101,71,1005.2,null,"10324"
2566.9,446,136,null,1013,"**",402,"**",178.3,82,1102.6,73,102,176,1016.3,null,"10006"
2562.4,380,136,null,723,"**",259,"**",184.2,85,1356.2,51,93,217,926.0,null,"20123"
2400.2,166,127,"*",297,"**",94,"**",110.2,51,1279.5,14,78,205,780.8,"*","10276"
848.8,null,45,"*",91,null,84,"**",150.9,70,null,17,78,null,778.2,null,"20227"
1329.3,null,71,"*",120,null,112,"**",233.5,108,null,22,125,null,1249.0,null,"20271"
1612.7,null,86,"**",206,null,173,"*",210.3,97,null,27,133,null,1324.2,null,"10316"
1639.3,174,87,"**",418,null,101,"**",70.0,32,685.2,18,40,110,394.2,"**","20020"
2282.3,226,121,null,470,"**",184,"**",138.4,64,1099.0,29,89,176,883.8,"*","10291"
1222.6,59,65,null,281,"**",null,"**",null,null,258.0,null,null,41,null,null,"80013"
1018.7,59,54,"*",148,"**",111,"**",306.4,142,383.0,46,79,61,789.0,"*","20232"
3395.2,185,180,null,312,"**",103,"**",169.1,78,1897.5,16,117,303,1164.0,null,"10282"
1589.0,38,84,null,104,null,63,null,299.6,138,574.6,20,96,92,958.3,null,"10158"
1902.1,158,101,null,434,null,233,null,144.3,67,690.4,33,103,110,1024.8,"*","10012"
1245.4,73,66,"**",250,"**",122,"**",99.9,46,378.3,19,61,60,611.5,"**","20022"
1946.2,140,103,null,390,null,215,null,139.1,64,683.7,29,107,109,1064.3,"*","10009"
2099.2,156,111,"**",620,"*",229,"**",131.7,61,520.4,40,78,83,773.2,"**","10095"
1295.7,97,69,"**",267,"**",162,"**",291.1,135,466.9,59,80,75,801.0,"*","20152"
2248.4,381,119,"**",1185,"**",416,"**",139.7,65,729.1,73,79,117,788.0,"**","10094"
2302.5,505,122,"**",1224,"**",308,"**",118.2,55,951.0,63,58,152,577.5,"**","20043"
1026.6,117,54,"**",379,"**",276,"**",190.7,88,317.8,72,74,51,736.1,null,"20076"
664.4,46,35,"**",100,"**",85,"**",224.0,104,306.5,34,56,49,561.0,null,"20195"
1914.6,149,102,"**",289,"**",219,null,647.6,299,1028.1,99,140,164,1390.0,"**","20153"
2142.9,47,114,null,63,"**",null,null,null,null,1542.7,null,null,247,null,null,"60046"
1404.8,null,75,null,44,null,null,null,null,null,null,null,null,null,null,null,"60005"
1486.9,111,79,"**",256,null,241,"**",573.8,265,618.5,104,141,99,1400.0,"**","20259"
2450.2,192,130,null,636,"*",230,"**",218.1,101,728.0,57,90,116,894.1,null,"10079"
2162.4,213,115,"*",597,"**",309,"**",162.0,75,758.8,46,112,121,1119.3,"*","10008"
1783.0,179,95,null,614,"*",374,null,178.8,83,537.9,61,107,86,1068.4,null,"10234"
1501.2,null,80,"*",48,null,43,null,581.9,269,null,19,141,null,1400.1,"**","20250"
1515.5,81,80,"**",314,"**",286,"**",309.0,143,377.3,66,140,60,1397.2,"**","20251"
1284.3,148,68,null,498,"**",422,"**",243.5,113,392.4,93,108,63,1077.1,null,"20142"
1844.9,99,98,"**",250,null,93,null,110.7,51,715.6,15,70,114,702.0,"**","10216"
2253.0,62,120,"**",200,null,114,"*",145.0,67,687.8,13,130,110,1298.0,null,"10013"
1661.4,91,88,"**",211,null,94,null,254.7,118,689.1,33,76,110,755.5,null,"10192"
2216.8,114,118,"**",440,null,263,"**",199.8,92,569.2,40,133,91,1327.6,null,"10235"
1888.2,null,100,"**",301,null,295,null,806.8,373,null,125,183,null,1821.8,"**","40020"
423.1,31,22,"**",93,"**",65,"**",105.0,49,139.2,23,30,22,300.7,"**","20184"
1087.1,111,58,"**",407,"**",253,"**",102.0,47,304.4,37,68,49,675.0,"**","20003"
601.1,29,32,"**",127,"**",96,"**",45.1,21,127.3,10,47,20,471.9,"**","20238"
685.1,null,36,"**",129,null,96,"**",84.4,39,null,16,52,null,521.8,"**","20247"
1121.8,28,60,null,155,"**",122,"**",122.7,57,201.0,17,89,32,887.0,"*","20151"
1278.6,51,68,null,260,"**",190,"**",162.7,75,248.6,33,95,40,945.8,null,"20160"
653.1,61,35,"**",206,"**",182,"**",158.4,73,195.4,50,58,31,573.6,"*","20187"
3281.3,116,174,null,308,"**",null,"**",null,null,1281.7,null,null,205,null,null,"30022"
3581.3,411,190,null,1200,"**",347,"**",248.9,115,1227.3,83,104,196,1040.1,null,"20100"
692.7,30,37,"**",87,"**",52,"**",155.6,72,236.5,20,41,38,412.0,null,"20185"
572.2,67,30,"**",134,"**",100,"**",186.7,86,284.1,44,43,45,428.2,null,"20186"
1755.8,230,93,"**",624,null,145,null,63.2,29,651.9,23,40,104,399.7,"**","20032"
1623.0,103,86,"**",320,null,290,"**",410.8,190,545.0,78,146,87,1459.3,"**","20156"
791.0,70,42,"**",200,"**",145,"**",177.6,82,266.9,47,58,43,575.6,null,"20239"
null,null,null,null,null,null,208,null,212.6,98,null,44,106,null,1057.5,null,"20269"
970.7,null,52,null,75,null,61,"**",176.5,82,null,14,81,null,810.1,null,"10257"
1215.4,60,65,"*",151,"*",145,"**",439.8,203,462.4,55,121,74,1209.3,"**","40065"
1774.6,86,94,"**",329,"**",252,null,178.3,82,451.9,34,137,72,1365.9,null,"20262"
1855.6,244,98,"**",580,"**",226,null,137.7,64,771.9,42,74,123,740.5,"**","20114"
1604.3,152,85,"**",370,null,266,"**",381.1,176,628.4,90,119,100,1183.2,"**","10293"
2747.8,213,146,"**",879,null,190,"**",67.0,31,643.5,22,60,103,601.2,"**","20039"
1254.1,197,67,"**",366,null,221,"**",355.1,164,641.7,107,78,103,776.2,"**","20240"
null,null,null,"*",null,null,60,null,99.9,46,null,8,72,null,719.5,"*","50098"
508.8,25,27,"**",144,"**",98,"**",52.9,24,88.8,15,35,14,344.5,"**","20209"
1552.0,null,82,"**",252,null,238,"**",227.1,105,null,37,144,null,1439.1,null,"20088"
1898.5,274,101,"**",787,null,153,null,56.5,26,644.8,24,37,103,370.6,"**","20040"
853.7,26,45,"*",67,"**",55,"**",212.8,98,311.8,17,73,50,731.5,null,"20231"
3573.4,771,190,"**",1225,"**",138,"**",100.6,47,2274.9,35,40,364,394.5,"**","20035"
1024.3,135,54,"**",354,"**",281,"**",283.6,131,393.0,99,81,63,805.0,"**","20197"
2518.3,384,134,"**",813,"**",217,"**",188.4,87,1176.6,62,67,188,670.3,null,"20118"
2091.6,196,111,"**",517,"**",171,"*",217.4,100,811.0,52,70,130,695.1,null,"20119"
940.3,46,50,"**",209,"**",134,"**",92.3,43,234.3,20,57,37,566.7,"**","20008"
631.3,7,34,"**",27,"**",21,"**",null,null,153.7,null,52,25,515.8,null,"20206"
992.7,118,53,"**",426,"**",254,"**",197.5,91,294.7,80,58,47,582.6,null,"20001"
2681.0,148,142,"**",364,"**",348,"**",1051.2,486,1128.8,140,254,180,2526.9,"**","20087"
992.4,62,53,"**",162,"**",122,"**",153.6,71,366.6,26,76,59,752.3,null,"20270"
857.7,70,46,"**",224,"**",177,"**",161.4,75,277.1,41,67,44,671.4,null,"20000"
1213.6,33,64,null,192,"**",159,"**",152.9,71,208.4,24,102,33,1011.5,null,"50013"
1228.0,33,65,null,107,"**",71,"**",306.8,142,365.0,27,84,58,838.2,null,"20115"
867.6,38,46,"**",60,null,42,"**",376.5,174,524.8,26,64,84,634.5,"**","20201"
927.1,21,49,null,65,"**",52,"**",224.7,104,281.0,16,78,45,781.6,null,"10172"
2049.8,236,109,"**",515,"**",127,null,169.0,78,981.5,43,49,157,486.6,null,"20037"
424.1,null,23,"**",42,null,32,"**",null,null,null,null,33,null,328.9,null,"20143"
1528.3,29,81,"*",52,null,45,null,668.2,309,810.3,23,137,130,1369.5,"**","20253"
1366.4,8,73,"**",112,"**",33,"**",null,null,100.4,null,40,16,398.8,null,"20047"
771.4,40,41,"**",91,"**",81,"**",277.1,128,338.0,33,69,54,685.5,null,"20196"
1095.0,52,58,"*",177,"**",127,"**",257.0,119,305.2,42,82,49,819.2,null,"20273"
1287.8,67,68,"*",290,"**",193,"**",104.1,48,314.9,22,86,50,854.6,"**","20024"
1919.6,16,102,null,169,"**",null,null,null,null,191.8,null,null,31,null,null,"70012"
1195.2,254,63,"**",493,null,281,"**",184.3,85,636.8,74,68,102,675.0,null,"20124"
983.0,71,52,null,197,"**",174,"**",252.3,117,334.3,52,90,53,896.9,null,"20202"
2405.9,340,128,null,960,"**",389,"**",225.8,104,848.1,90,99,136,982.8,null,"20108"
1099.4,40,58,null,137,"**",106,"**",210.8,97,318.5,27,84,51,840.4,null,"20272"
3131.1,618,166,"**",1380,"**",331,"**",167.1,77,1384.8,76,75,221,745.8,"*","20139"
567.6,33,30,"**",111,"**",83,"**",119.9,55,165.8,24,43,27,425.3,"**","40006"
1465.4,null,78,"**",359,null,340,"**",378.4,175,null,92,139,null,1382.4,"**","40056"
1401.9,71,74,"**",336,"**",323,"**",280.1,129,306.3,66,133,49,1326.3,"*","40024"
1071.8,31,57,null,319,"**",null,"**",null,null,106.8,null,null,17,null,null,"70000"
1537.2,null,82,"**",141,null,131,"*",648.5,300,null,61,147,null,1467.5,"**","40068"
1170.5,138,62,null,386,"**",366,"**",383.3,177,419.2,129,110,67,1093.3,"**","40054"
1567.6,47,83,"**",343,"**",157,"**",135.1,62,210.1,30,73,34,725.1,"**","10181"
1270.3,60,67,null,105,null,82,"**",458.0,212,723.1,39,98,116,974.3,"**","40062"
759.2,39,40,"**",131,"**",79,"**",124.8,58,219.5,22,47,35,464.6,"**","20223"
672.6,null,36,"**",72,null,66,"**",175.5,81,null,19,63,null,632.0,null,"40033"
1513.8,121,80,"**",468,"**",455,"**",367.5,170,393.5,113,148,63,1471.2,"**","40058"
1775.1,106,94,"**",535,"**",488,null,285.8,132,356.4,86,161,57,1602.5,"**","40038"
2512.0,313,133,"**",736,"**",382,"**",377.0,174,1084.6,108,132,173,1311.3,"**","20129"
693.1,28,37,"**",86,"**",68,"**",125.7,58,214.1,16,57,34,565.2,"*","40048"
1391.7,193,74,null,453,null,331,"**",282.5,131,586.4,93,102,94,1019.1,"*","40042"
926.2,null,49,null,201,null,189,"**",324.3,150,null,68,88,null,871.8,"**","40027"
855.0,null,45,"*",77,null,70,"**",233.9,108,null,21,79,null,787.7,null,"40016"
928.1,19,49,null,144,"**",null,"**",null,null,121.5,null,null,19,null,null,"70002"
2128.2,113,113,"**",407,null,345,"*",477.1,220,570.5,95,182,91,1811.9,"**","20263"
1002.2,25,53,null,73,"**",65,"**",249.4,115,322.0,19,92,51,914.8,null,"20207"
1648.0,40,87,"**",174,"**",159,null,280.3,130,362.2,31,153,58,1521.4,null,"40074"
1532.1,75,81,"**",308,"**",293,"**",320.8,148,369.0,66,145,59,1448.7,"**","40017"
null,null,null,"**",null,null,50,null,87.1,40,null,9,53,null,524.7,"**","20248"
1320.4,107,70,null,258,null,204,"**",312.8,145,536.2,61,107,86,1066.6,"**","40032"
1016.1,56,54,"*",189,"**",156,"**",258.6,120,300.0,48,85,48,843.4,null,"40014"
300.4,null,16,null,13,null,null,"**",null,null,null,null,null,null,null,null,"60040"
531.9,27,28,"**",90,"**",56,"**",59.7,28,157.6,10,34,25,337.4,"**","50083"
2051.2,32,109,"**",88,null,66,null,250.0,116,700.4,11,160,112,1598.9,null,"40069"
1388.9,76,74,"**",244,"**",221,"**",320.5,148,439.2,58,122,70,1217.4,"**","40034"
1211.4,79,64,"*",184,null,176,"**",472.6,218,516.0,73,116,82,1160.4,"**","40028"
null,null,null,"*",null,null,39,null,167.7,77,null,10,68,null,680.4,null,"40090"
1685.6,60,89,"**",254,"**",242,null,352.5,163,403.1,52,162,64,1618.4,"**","20092"
1292.9,115,69,"**",372,"**",351,"**",372.4,172,397.3,107,123,64,1230.0,"**","40049"
null,null,null,"**",null,null,48,null,87.6,40,null,8,56,null,561.2,"**","20224"
1243.7,62,66,null,213,"**",193,"**",331.8,153,361.0,57,114,58,1131.1,"**","40005"
null,null,null,null,null,null,94,null,245.0,113,null,20,122,null,1215.8,null,"40071"
null,null,null,"**",null,null,537,null,854.1,395,null,159,292,null,2913.4,"**","40101"
1010.7,54,54,null,159,"**",138,"**",260.3,120,332.5,41,91,53,903.4,null,"40004"
884.0,32,47,"**",85,"**",54,"**",152.2,70,327.8,15,56,52,560.8,null,"50005"
1745.9,190,93,"**",520,null,409,null,418.7,193,635.9,124,139,102,1382.0,"**","40013"
null,null,null,"**",null,null,117,null,291.7,135,null,26,139,null,1380.4,null,"40098"
null,null,null,"**",null,null,97,null,497.2,230,null,28,180,null,1793.5,"**","40092"
1361.0,93,72,"**",394,"**",382,"**",296.2,137,317.2,87,133,51,1321.8,"**","40093"
1235.2,39,66,"*",134,"**",128,"**",306.6,142,348.6,34,120,56,1194.6,"*","40091"
1131.9,109,60,null,345,"**",311,"**",284.6,132,346.8,87,105,55,1045.3,"*","40059"
2030.1,52,108,"**",128,"*",116,null,703.7,325,825.7,45,183,132,1821.6,"**","40094"
679.8,null,36,"**",38,null,32,"**",235.6,109,null,13,60,null,595.0,null,"40018"
807.2,null,43,"*",98,null,91,"**",263.6,122,null,32,78,null,776.9,null,"40066"
1747.2,93,93,"**",214,null,207,null,704.9,326,727.4,88,174,116,1735.8,"**","40099"
1843.2,109,98,"**",310,null,256,null,482.6,223,621.0,85,153,99,1528.2,"**","20254"
3460.0,234,184,"**",633,"**",220,"**",137.5,64,1306.9,25,119,209,1186.6,"*","20103"
806.3,null,43,"**",262,null,250,"**",155.3,72,null,50,80,null,792.1,"*","40039"
879.9,58,47,"**",109,null,61,"**",120.5,56,493.9,14,49,79,492.1,"*","20011"
null,null,null,"**",null,null,54,null,415.1,192,null,13,173,null,1728.3,"*","50108"
null,null,null,"**",null,null,147,null,501.5,232,null,53,150,null,1497.7,"**","40100"
1297.3,181,69,"**",423,null,369,"**",428.5,198,550.0,140,115,88,1141.1,"**","40029"
null,null,null,null,null,null,14,null,397.7,184,null,9,66,null,661.0,null,"40095"
1324.2,null,70,"**",154,null,146,"**",374.3,173,null,45,126,null,1251.0,"**","40067"
1827.6,240,97,"**",816,"*",660,null,386.8,179,548.4,170,148,88,1471.2,"**","50033"
690.8,27,37,"**",102,"**",67,"**",132.5,61,179.4,20,46,29,453.9,"*","50006"
null,null,null,null,null,null,16,null,223.7,103,null,6,64,null,640.4,null,"40023"
null,null,null,"**",null,null,80,null,467.8,216,null,21,194,null,1927.9,"**","40075"
1765.0,157,94,"**",460,null,321,null,301.2,139,624.2,75,123,100,1229.6,"**","20159"
989.5,43,53,"*",180,"**",152,"**",159.7,74,240.3,28,85,38,846.0,null,"50021"
2141.2,null,114,"**",122,null,117,null,301.6,139,null,18,212,null,2116.4,null,"40072"
1702.4,null,90,"**",273,null,266,null,345.5,160,null,56,168,null,1669.6,"**","40080"
987.4,103,52,"**",324,"**",277,"**",224.3,104,320.4,72,85,51,842.9,null,"40019"
1159.7,97,62,null,303,"**",264,"**",297.5,137,384.2,78,99,61,981.5,"**","40063"
1018.2,111,54,"**",337,"**",192,"**",98.3,45,329.3,33,59,53,585.0,"**","50074"
null,null,null,null,null,null,48,null,197.8,91,null,13,77,null,770.7,null,"40096"
2273.0,88,121,"**",329,null,303,"**",422.4,195,598.1,63,209,96,2085.8,"**","40073"
3347.3,null,178,"**",164,null,159,"**",923.9,427,null,47,318,null,3167.1,"**","40102"
1489.4,null,79,"**",268,null,255,"**",606.0,280,null,107,141,null,1404.2,"**","40064"
1156.1,110,61,null,266,"**",223,"**",374.7,173,484.5,88,95,77,946.0,"**","40010"
null,null,null,null,null,null,46,null,409.0,189,null,14,125,null,1245.5,"*","40085"
1628.5,null,86,"**",115,null,110,null,185.2,86,null,13,157,null,1567.7,null,"50086"
1441.5,30,77,"*",105,"*",90,"**",278.4,129,399.4,21,125,64,1242.4,null,"40087"
1736.4,226,92,"**",688,null,557,"*",319.1,147,595.4,122,140,95,1392.4,"**","50034"
1535.1,193,81,"**",599,"**",459,"**",358.7,166,505.2,136,118,81,1177.9,"**","50015"
1867.4,273,99,null,588,"**",343,null,225.3,104,860.1,71,110,138,1096.6,null,"20246"
1228.7,67,65,null,223,"**",161,"**",265.3,123,372.6,47,90,60,895.2,null,"50010"
1138.4,22,60,null,79,"**",72,"**",238.2,110,300.5,17,107,48,1070.3,null,"40103"
1847.7,73,98,"**",345,"**",325,null,351.6,162,398.2,65,173,64,1726.3,"**","50045"
1031.1,107,55,"**",252,"**",187,"**",224.2,104,432.3,54,79,69,782.7,null,"50020"
2327.1,null,124,"**",517,null,512,"**",486.9,225,null,109,233,null,2316.9,"**","40081"
1267.5,79,67,"*",269,"**",244,"**",321.1,148,383.4,67,114,61,1134.4,"**","40026"
1694.2,null,90,"**",258,null,250,null,257.4,119,null,41,161,null,1606.8,null,"50116"
1348.8,150,72,"**",423,"**",221,"**",163.6,76,472.6,52,71,76,706.3,"*","50072"
null,null,null,"**",null,null,48,null,210.2,97,null,16,68,null,675.1,null,"40088"
null,null,null,null,null,null,null,null,null,null,null,null,null,null,null,null,"40060"
818.8,27,43,"**",127,"**",86,"**",89.9,42,166.6,14,58,27,576.6,"**","50046"
576.6,75,31,"**",286,"**",187,"**",65.0,30,157.7,31,38,25,374.9,"**","50076"
1183.6,138,63,"*",636,"**",585,"**",218.7,101,261.9,116,109,42,1082.6,null,"50055"
1326.6,116,70,null,346,"**",255,"**",222.5,103,448.6,57,99,72,983.8,null,"50043"
1039.1,67,55,"**",166,"**",109,"**",143.1,66,424.9,22,70,68,692.7,null,"50064"
2050.0,138,109,"**",460,null,382,null,430.4,199,616.5,97,170,99,1695.8,"**","50067"
1296.5,85,69,"*",555,"**",482,"**",148.8,69,205.2,62,112,33,1117.0,"**","50050"
1119.6,123,59,"**",423,"**",310,"**",227.9,105,323.0,87,82,52,820.1,null,"50073"
1289.7,81,68,"*",534,"**",473,"**",124.1,57,209.7,50,111,34,1102.9,"**","50052"
1341.3,63,71,"*",338,"**",284,"**",129.8,60,246.1,33,114,39,1135.6,"**","50084"
859.8,68,46,"**",228,"**",186,"**",205.8,95,251.2,56,71,40,703.2,null,"50081"
1325.6,118,70,"**",369,"**",233,"**",154.9,72,418.8,44,84,67,836.5,"*","50007"
1350.1,21,72,null,136,"**",115,"**",153.6,71,210.6,15,116,34,1157.8,null,"50026"
1278.9,31,68,null,160,"**",140,"**",206.1,95,239.8,26,115,38,1144.4,null,"50123"
3351.6,null,178,"**",156,null,144,"**",922.3,426,null,44,309,null,3081.0,"**","50128"
714.3,65,38,"**",186,"**",122,"**",107.0,49,253.2,27,47,40,473.2,"**","50060"
1384.5,58,73,"**",228,"**",208,"**",274.9,127,349.1,45,129,56,1280.7,null,"50047"
2729.0,185,145,"**",461,"**",55,"**",48.4,22,1077.4,8,34,172,334.1,"**","20029"
1328.4,48,71,"**",249,"**",224,"**",193.5,89,258.5,36,120,41,1193.8,null,"50071"
1249.0,8,66,null,55,"**",47,"**",null,null,193.1,null,108,31,1074.3,null,"50112"
1125.8,57,60,null,225,"**",200,"**",243.4,112,294.6,47,100,47,1000.1,null,"50044"
null,null,null,"**",null,null,246,null,228.7,106,null,30,183,null,1826.9,null,"50101"
4288.0,641,228,"**",1368,"**",801,"**",664.5,307,2005.9,212,253,321,2522.4,"**","20132"
1074.7,47,57,null,132,"**",104,"**",206.4,95,357.2,26,89,57,887.2,null,"50091"
2380.8,25,126,"**",119,null,99,"*",379.7,175,518.0,19,193,83,1922.1,"*","50075"
506.6,14,27,"**",53,"**",26,"**",57.9,27,129.3,6,26,21,258.6,"**","50082"
1381.1,105,73,"**",490,"**",433,"**",216.4,100,310.2,75,120,50,1196.1,null,"50039"
534.1,19,28,"**",60,"**",46,"**",99.2,46,169.6,11,42,27,414.1,"**","50089"
1326.4,93,70,"*",422,"**",359,"**",200.3,93,292.9,63,114,47,1137.6,null,"50038"
1156.7,167,61,"*",492,"**",367,"**",266.2,123,386.6,114,88,62,873.8,"*","50053"
1404.5,167,75,null,613,"**",436,"**",222.2,103,386.3,98,99,62,983.7,null,"50035"
980.6,91,52,"**",361,"**",206,"**",107.8,50,236.9,40,58,38,579.8,"**","50028"
445.2,5,24,"**",23,"**",16,"**",null,null,92.4,null,32,15,323.2,null,"50085"
744.0,22,39,"**",72,"**",57,"**",167.8,78,225.9,16,60,36,598.7,null,"50105"
523.3,25,28,null,92,"**",null,"**",null,null,135.7,null,null,22,null,null,"30137"
1238.5,69,66,null,272,"**",null,"**",null,null,311.5,null,null,50,null,null,"30182"
1100.7,105,58,"**",373,"**",248,"**",126.0,58,312.2,42,74,50,736.7,"**","50061"
4187.5,272,222,null,777,"**",null,"**",null,null,1557.3,null,null,249,null,null,"30061"
null,null,null,"**",null,null,97,null,505.7,234,null,26,193,null,1924.0,"**","50095"
780.2,48,41,"**",224,"**",180,"**",137.2,63,173.5,38,63,28,623.9,"**","50040"
913.6,97,48,"**",287,"**",190,"**",126.5,58,311.8,39,61,50,608.7,"**","50058"
1573.9,53,84,"*",249,"**",188,"**",158.1,73,331.1,25,120,53,1200.2,null,"50069"
1186.7,null,63,null,88,null,78,"**",613.5,284,null,45,107,null,1070.3,"**","50104"
1363.7,98,72,null,344,"**",null,"**",null,null,368.6,null,null,59,null,null,"30126"
1122.5,90,60,null,195,"*",null,"**",null,null,502.0,null,null,80,null,null,"30212"
1666.1,77,88,null,267,"*",null,"*",null,null,472.7,null,null,76,null,null,"30123"
687.5,31,36,"**",127,"**",93,"**",98.3,45,163.2,18,52,26,520.0,"**","50017"
7356.7,110,390,null,508,"**",null,"**",null,null,1571.7,null,null,251,null,null,"60036"
1339.7,84,71,null,254,"**",null,"**",null,null,430.0,null,null,69,null,null,"30128"
845.0,33,45,null,119,"**",null,"**",null,null,232.6,null,null,37,null,null,"30138"
1037.9,58,55,"**",123,"*",59,"**",85.2,39,477.9,10,51,76,512.6,"**","50066"
2287.0,116,121,null,383,null,null,"**",null,null,708.6,null,null,113,null,null,"30021"
965.1,98,51,"**",342,"**",257,"**",101.5,47,273.3,36,74,44,733.2,"**","50079"
1188.3,49,63,null,308,"**",253,"**",94.7,44,186.3,25,98,30,977.3,"**","50077"
967.5,86,51,"**",280,"**",190,"**",201.8,93,286.6,58,69,46,682.5,null,"50031"
1966.6,109,104,"**",329,null,252,null,370.8,171,663.8,60,153,106,1519.6,"**","20163"
1353.3,117,72,null,339,"**",263,"**",279.6,129,466.5,70,106,75,1054.1,"*","40011"
1555.8,null,83,"**",136,null,124,"*",317.4,147,null,28,146,null,1455.3,"*","50087"
1374.4,153,73,"**",395,"*",193,"**",109.4,51,533.3,32,67,85,666.8,"**","50008"
947.6,47,50,"**",127,"**",95,"**",240.9,111,359.8,33,69,58,682.8,null,"40012"
null,null,null,"**",null,null,17,null,null,null,null,null,39,null,388.9,null,"50113"
809.4,null,43,"*",47,null,42,"**",92.4,43,null,5,74,null,736.1,"*","50114"
1331.7,167,71,"*",533,"**",347,"**",163.9,76,420.2,65,87,67,868.8,"*","50037"
2633.1,60,140,null,290,null,null,"**",null,null,543.0,null,null,87,null,null,"30184"
1710.8,113,91,"**",432,"**",359,"*",314.5,145,446.2,78,145,71,1445.1,"**","50030"
567.6,32,30,"**",84,"**",58,"**",128.3,59,214.5,19,40,34,394.8,"*","50088"
964.4,22,51,"**",185,"**",152,"**",65.3,30,111.4,13,80,18,795.5,"**","50002"
704.2,26,37,"**",114,"**",80,"**",108.9,50,152.9,18,51,24,512.1,"**","50000"
1731.4,126,92,null,417,"*",null,null,null,null,505.4,null,null,81,null,null,"30066"
2438.9,110,129,"**",607,"**",483,"**",283.5,131,434.1,70,199,69,1982.3,"*","50068"
611.7,null,32,"**",84,null,75,"**",136.6,63,null,19,58,null,574.3,"*","50107"
1643.0,20,87,null,274,"**",null,"*",null,null,122.8,null,null,20,null,null,"70010"
806.1,128,43,"**",378,"**",260,"**",136.9,63,282.2,62,55,45,552.9,"**","50022"
1748.1,86,93,"**",211,null,189,null,620.7,287,699.0,76,159,112,1580.3,"**","50093"
777.4,36,41,null,122,"**",null,"**",null,null,228.9,null,null,37,null,null,"30142"
1421.0,42,75,null,181,"**",null,"**",null,null,319.2,null,null,51,null,null,"30174"
1435.3,181,76,null,559,"**",394,"**",219.9,102,468.0,85,102,75,1011.5,null,"50036"
1512.7,71,80,"**",304,"**",268,"**",305.0,141,350.0,62,134,56,1335.0,"**","50106"
861.5,31,46,"**",108,"**",77,"**",102.8,48,237.6,13,64,38,635.3,"**","50018"
1041.0,69,55,"**",323,"**",251,"**",138.9,64,219.0,45,80,35,796.6,"**","50001"
1144.1,105,61,"**",313,"**",188,"**",113.5,52,371.1,32,70,59,695.8,"**","50059"
1341.4,null,71,"**",184,null,174,"**",258.2,119,null,34,129,null,1282.6,null,"50099"
780.4,35,41,"**",118,"**",82,"**",121.1,56,243.5,17,55,39,545.4,"*","50111"
null,null,null,null,null,null,56,null,256.4,118,null,12,116,null,1152.9,null,"50100"
845.8,21,45,"**",106,"**",90,"**",118.2,55,164.3,15,73,26,725.8,"*","50019"
1949.1,20,103,null,254,"**",null,null,null,null,161.8,null,null,26,null,null,"70011"
639.6,39,34,"**",168,"**",152,"**",124.4,57,148.2,33,58,24,578.1,"**","20210"
1552.3,39,82,null,123,null,63,"*",163.5,76,467.4,13,84,75,832.4,null,"10203"
1207.0,75,64,"*",270,"**",191,"**",127.8,59,321.4,30,86,51,858.8,"**","10253"
1234.4,30,66,null,163,"**",146,"**",163.6,76,220.5,22,113,35,1123.2,null,"50090"
1070.2,21,57,null,46,null,37,"**",355.0,164,486.6,15,88,78,873.8,null,"50023"
895.2,58,48,null,180,"**",null,"**",null,null,296.2,null,null,47,null,null,"30175"
null,null,null,"**",null,null,96,null,375.2,173,null,17,216,null,2152.7,"*","50120"
1130.7,82,60,"**",268,"**",180,"**",170.4,79,343.7,40,77,55,770.8,null,"50057"
393.6,16,21,"**",45,"**",37,"**",78.6,36,133.7,9,34,21,337.7,"**","20244"
773.0,143,41,"**",400,"**",350,"**",238.0,110,289.8,117,68,46,672.7,null,"20089"
1557.2,152,83,"*",299,"**",164,"**",217.2,100,821.8,40,86,131,852.0,null,"20125"
1670.7,226,89,null,578,null,311,"**",266.7,123,671.9,89,90,107,900.2,"*","20126"
902.5,198,48,"**",412,"**",211,"**",122.2,56,438.7,55,46,70,462.4,"**","20006"
1061.1,40,56,null,152,"**",140,"**",242.8,112,293.4,35,94,47,932.0,null,"20083"
1952.5,288,104,"**",582,"**",220,null,151.5,70,957.4,45,75,153,747.4,"*","20095"
660.7,89,35,"**",276,"**",229,"**",147.4,68,220.9,59,55,35,547.0,"**","20070"
2265.8,119,120,"**",291,"**",273,"**",780.4,361,932.7,101,211,149,2103.3,"**","40021"
505.4,null,27,"**",65,null,45,"**",37.3,17,null,5,36,null,355.4,"**","10255"
2922.5,302,155,"**",962,"**",663,"**",367.1,170,961.4,118,198,154,1971.4,"**","20131"
1040.7,23,55,null,83,"**",70,"**",194.8,90,273.4,16,91,44,902.2,null,"20190"
2527.3,389,134,"**",879,"**",236,"**",200.8,93,1126.9,70,68,180,673.9,null,"20101"
1566.4,161,83,"**",444,null,167,"**",151.7,70,555.2,43,60,89,602.2,"*","20102"
767.0,19,41,"**",73,"**",64,"**",133.3,62,184.2,13,71,29,711.7,null,"20191"
636.2,42,34,"**",167,"**",147,"**",134.4,62,164.8,34,56,26,560.9,"**","20144"
3032.9,550,161,"*",1269,"**",372,"**",218.3,101,1326.6,92,88,212,880.2,null,"20140"
592.9,59,31,"**",217,"**",99,"**",103.4,48,175.9,35,27,28,267.3,"**","20009"
1422.9,150,76,"**",439,"**",110,"**",57.3,26,483.9,18,36,77,354.2,"**","20033"
1742.9,114,93,"**",673,"**",561,"*",163.6,76,313.3,59,146,50,1452.6,"*","50011"
1510.6,86,80,null,181,null,127,"**",365.7,169,686.2,46,108,110,1071.3,"**","20177"
1589.6,175,84,"*",409,null,285,"**",260.4,120,668.6,67,113,107,1128.9,null,"20090"
967.0,52,51,null,144,"**",null,"**",null,null,348.3,null,null,56,null,null,"30135"
2542.7,303,135,"**",700,"**",197,"**",121.2,56,1068.5,34,73,171,726.2,"**","20099"
928.7,213,49,"**",549,"**",333,"**",118.4,55,375.0,67,56,60,561.3,"**","20074"
1882.3,41,100,"**",223,"**",150,null,264.5,122,355.3,31,125,57,1249.2,null,"20120"
1014.1,46,54,"**",181,"**",99,"**",125.3,58,264.4,21,57,42,565.8,"*","20016"
1206.1,121,64,"**",192,"*",46,"**",74.0,34,749.4,12,29,120,289.5,"**","20236"
915.0,26,49,"**",124,"**",34,"**",52.6,24,195.9,7,25,31,250.6,"**","20010"
2269.7,75,120,null,278,null,112,"**",373.5,173,618.2,45,92,99,917.5,"**","20046"
1536.6,161,82,"**",362,null,154,"**",170.3,79,656.6,40,68,105,680.1,null,"20064"
2382.7,292,126,"**",631,"**",200,"**",176.2,81,1079.6,46,78,173,777.3,null,"20121"
1371.5,142,73,null,432,"**",298,"**",180.8,84,438.5,57,97,70,967.8,null,"50032"
1907.4,32,101,null,178,"**",null,null,null,null,332.2,null,null,53,null,null,"30187"
1614.3,86,86,null,404,"**",null,"**",null,null,334.4,null,null,53,null,null,"30213"
909.4,47,48,"**",114,"**",83,"**",195.7,90,368.9,24,68,59,682.2,null,"20073"
2113.9,73,112,"*",243,null,89,null,154.3,71,642.9,18,76,103,759.1,null,"20104"
3250.6,268,173,"**",783,"**",560,"**",392.2,181,1106.7,94,236,177,2347.3,"**","20173"
1812.8,203,96,null,448,"**",231,null,329.6,152,789.9,84,95,126,949.2,"**","20178"
2719.0,209,144,"**",862,null,726,"**",418.6,193,699.6,126,227,112,2260.6,"**","20157"
907.1,28,48,null,126,"**",null,"**",null,null,190.0,null,null,30,null,null,"30132"
1971.4,100,105,null,251,null,137,null,398.2,184,748.9,52,111,120,1109.0,"**","10327"
1867.3,159,99,null,359,"**",214,null,309.1,143,813.1,61,111,130,1109.9,"**","20175"
1058.4,65,56,"**",319,"**",193,"**",151.5,70,222.5,44,64,36,640.1,"*","20161"
1614.9,55,86,"**",251,"**",178,"*",244.8,113,325.8,39,122,52,1216.7,null,"10186"
1256.1,33,67,null,160,"**",142,"**",204.2,94,253.3,26,114,41,1137.1,null,"10309"
758.5,41,40,"**",101,"**",77,"**",177.5,82,305.2,24,58,49,576.4,null,"10264"
null,null,null,null,null,null,null,null,null,null,null,null,null,null,null,null,"20241"
1277.8,null,68,"*",214,null,198,"**",248.6,115,null,43,118,null,1180.4,null,"10261"
950.7,93,50,"**",192,"**",148,"**",420.5,194,465.4,84,73,74,731.5,"**","20211"
763.8,22,41,"**",153,"**",134,"**",69.2,32,116.9,13,67,19,663.8,"**","50070"
532.0,null,28,"**",51,null,44,"**",87.0,40,null,8,45,null,453.2,"**","50049"
1371.7,null,73,"**",126,null,119,"**",175.1,81,null,15,131,null,1305.2,null,"50115"
848.4,120,45,"**",325,"**",147,"**",75.7,35,307.6,29,39,49,390.4,"**","20055"
3232.0,325,172,null,796,"**",228,"**",142.3,66,1277.3,35,96,204,957.0,"*","10019"
906.8,42,48,"**",184,"**",73,"**",44.2,20,200.3,9,37,32,370.6,"**","20080"
1558.3,187,83,"**",513,null,393,"**",327.0,151,594.9,107,116,95,1153.9,"**","20084"
1800.3,77,96,"**",399,"**",330,null,170.3,79,352.3,37,150,56,1492.4,null,"50024"
856.1,62,45,"**",216,"**",155,"**",142.6,66,253.1,35,61,40,611.9,"*","50041"
479.8,null,25,"**",29,null,24,"**",79.9,37,null,5,41,null,411.2,"*","50003"
1499.5,41,80,null,183,"**",null,"**",null,null,321.9,null,null,51,null,null,"30125"
696.6,19,37,"**",123,"**",88,"**",40.5,19,107.2,7,51,17,508.3,"**","20015"
1324.5,44,70,null,200,"**",132,"**",141.4,65,297.8,21,87,48,867.5,"*","20057"
2577.8,326,137,"*",659,"**",285,"**",249.0,115,1295.2,62,113,207,1121.6,null,"20127"
1733.3,92,92,"**",362,"**",253,null,213.1,98,449.6,43,122,72,1216.5,null,"50009"
null,null,null,"*",null,null,27,null,316.6,146,null,14,65,null,644.0,null,"20193"
736.8,31,39,"**",127,"**",97,"**",92.1,43,177.3,15,58,28,580.3,"**","20091"
629.9,43,33,"**",150,"**",94,"**",95.7,44,184.3,23,39,29,386.5,"**","20212"
1876.5,50,100,null,211,"*",101,null,278.4,129,447.4,31,90,72,900.0,null,"20122"
1504.0,86,80,"**",280,"**",92,"**",80.2,37,451.5,15,50,72,502.7,"**","20042"
876.8,34,47,null,121,"**",null,"**",null,null,239.2,null,null,38,null,null,"30100"
3608.6,460,192,"**",1205,"**",631,"**",316.7,146,1416.8,104,188,227,1869.3,"**","20135"
1740.9,180,92,"**",559,null,395,null,282.1,130,555.9,90,125,89,1247.8,"*","20166"
2961.1,227,157,"**",671,"**",351,"**",335.0,155,982.9,77,157,157,1565.3,"**","20179"
1449.2,192,77,"**",622,"**",145,"**",40.8,19,468.1,17,34,75,333.8,"**","20030"
1089.5,126,58,"**",359,"**",206,"**",248.9,115,380.2,83,63,61,625.1,null,"20213"
902.9,92,48,"**",347,"**",289,"**",165.5,76,248.5,61,75,40,750.9,"*","20162"
837.0,129,44,"**",354,"**",262,"**",205.0,95,319.0,82,62,51,619.0,null,"20165"
928.0,48,49,null,286,"**",null,"**",null,null,156.6,null,null,25,null,null,"30183"
1964.2,270,104,"**",735,"*",495,null,357.1,165,716.8,131,136,115,1351.5,"**","20176"
2287.1,181,121,null,440,"**",null,"**",null,null,888.9,null,null,142,null,null,"30228"
1352.5,216,72,"*",627,"**",513,"**",330.6,153,471.1,154,110,75,1095.9,"**","20071"
1320.2,115,70,"**",457,"**",445,"**",317.9,147,337.9,109,128,54,1276.8,"**","40031"
1263.7,197,67,"**",443,null,226,"**",189.7,88,566.5,67,64,91,637.3,null,"20056"
3545.5,145,188,"**",387,"**",75,"**",207.0,96,1291.1,23,70,206,697.3,null,"20133"
1779.1,94,94,"*",145,"**",62,null,325.3,150,1114.8,27,78,178,775.7,"*","20059"
1203.0,76,64,null,170,null,115,"**",292.5,135,520.3,42,83,83,830.2,"*","20109"
1540.5,107,82,null,391,"**",272,"**",329.0,152,438.9,82,105,70,1046.7,"**","20085"
1043.6,null,55,"*",49,null,29,"**",101.7,47,null,5,64,null,640.6,null,"20203"
4310.4,218,229,"**",867,"**",623,"**",444.6,205,1085.4,90,310,174,3087.5,"**","20174"
1004.0,26,53,"**",158,"**",55,"**",57.3,26,157.3,9,37,25,366.5,"**","20065"
1516.0,109,80,"**",188,"**",77,"**",268.8,124,869.0,33,63,139,631.6,null,"20058"
null,null,null,"*",null,null,59,null,176.2,81,null,15,77,null,765.5,null,"20221"
1147.1,105,61,null,231,null,209,"**",413.8,191,520.7,85,102,83,1020.2,"**","20198"
1859.9,56,99,"*",168,null,69,null,388.4,179,604.6,36,77,97,771.3,"**","20077"
1314.7,37,70,"*",187,"**",108,"**",148.6,69,254.2,21,78,41,779.9,null,"20146"
1710.7,378,91,"**",850,"**",307,"**",148.9,69,815.2,70,61,130,608.2,"**","20021"
1599.3,174,85,"**",541,"**",156,"**",94.1,43,513.6,32,46,82,461.3,"**","20031"
2002.8,291,106,"**",541,"**",194,null,210.3,97,1084.2,56,73,173,723.5,null,"20134"
2244.8,87,119,null,216,"**",113,"*",481.9,223,907.3,47,117,145,1161.4,"**","20110"
729.9,38,39,"**",128,"**",75,"**",57.0,26,219.9,10,43,35,423.6,"**","50004"
2975.9,506,158,"**",1204,"**",330,"**",230.3,106,1245.2,94,82,199,816.3,null,"20105"
null,null,null,"**",null,null,21,null,258.6,120,null,10,56,null,560.6,null,"20066"
565.0,18,30,"**",70,"**",36,"**",null,null,154.9,null,28,25,280.1,null,"20060"
1767.1,340,94,"**",775,"**",287,null,126.1,58,770.1,55,66,123,660.4,"**","20049"
1815.3,376,96,"**",867,"**",340,null,148.2,68,793.2,71,71,127,705.8,"**","20052"
null,null,null,"**",null,null,158,null,591.7,273,null,60,159,null,1583.8,"**","50121"
4091.3,321,217,null,1090,"**",null,"**",null,null,1263.3,null,null,202,null,null,"30052"
1113.2,47,59,null,170,"**",138,"**",204.7,95,303.4,32,90,49,901.1,null,"20216"
1924.3,193,102,"**",302,"**",66,null,122.0,56,1219.4,19,43,195,427.4,"*","20096"
526.1,null,28,"**",67,null,30,"**",46.4,21,null,6,24,null,235.1,"**","20215"
2511.5,114,133,"**",190,"**",43,"**",275.7,127,1486.6,21,58,238,573.5,null,"20116"
null,null,null,null,null,null,87,null,300.1,139,null,26,105,null,1049.1,null,"20194"
917.7,48,49,null,120,"**",112,"**",320.1,148,362.9,43,86,58,852.0,"**","40036"
1279.9,131,68,null,299,null,214,"**",369.8,171,566.4,86,92,91,914.0,"**","50014"
916.3,null,49,"**",90,null,69,"**",218.6,101,null,22,72,null,715.5,null,"20204"
1038.5,37,55,"**",129,"**",91,"**",138.2,64,297.4,17,74,48,740.8,null,"50025"
1017.0,33,54,"*",193,"**",152,"**",143.4,66,172.1,27,82,28,815.3,"*","50042"
571.8,45,30,"**",105,"**",76,"**",215.3,99,244.7,39,42,39,419.3,null,"20214"
1778.9,null,94,"**",166,null,161,null,649.0,300,null,57,172,null,1710.1,"**","20167"
1398.9,38,74,null,190,"**",124,"**",185.4,86,289.3,24,92,46,919.5,null,"20158"
850.8,57,45,"**",203,"**",113,"**",192.0,89,232.0,46,49,37,485.4,null,"20219"
1097.7,59,58,"**",164,"**",112,"**",126.7,59,412.9,18,75,66,745.7,"*","20128"
2061.7,175,109,"*",559,null,230,"*",151.1,70,638.1,41,86,102,858.1,"*","20111"
2941.3,615,156,"**",1240,"**",183,"**",88.8,41,1435.5,37,45,230,444.2,"**","20097"
608.8,15,32,"**",29,"**",13,"**",null,null,320.6,null,29,51,291.1,null,"20199"
2790.6,461,148,"**",1248,"**",249,"**",125.9,58,1047.8,56,55,168,552.5,"**","20053"
1761.3,173,93,"**",580,"*",524,null,469.7,217,525.4,157,158,84,1578.6,"**","20257"
1701.6,176,90,"**",766,"**",626,"**",327.8,152,393.8,144,141,63,1408.6,"**","20164"
1480.7,117,79,"**",529,"**",408,"**",259.3,120,337.5,90,114,54,1135.6,null,"20061"
910.2,6,48,null,43,"**",38,"**",null,null,123.2,null,82,20,815.4,null,"20256"
1110.0,68,59,null,212,"**",167,"**",223.3,103,351.8,42,90,56,893.3,null,"20072"
1654.8,205,88,"**",512,null,395,"**",423.7,196,660.6,133,128,106,1270.6,"**","20266"
1039.1,73,55,null,267,"**",null,"**",null,null,281.1,null,null,45,null,null,"30131"
2457.3,311,130,"**",1094,null,692,"**",309.6,143,684.3,142,156,109,1554.8,"**","20180"
1375.1,254,73,"**",447,"**",111,"**",102.3,47,754.8,34,35,121,347.6,"**","20237"
1147.2,126,61,null,358,"**",280,"**",181.5,84,396.8,58,90,63,896.9,null,"20245"
1854.1,207,98,"**",645,null,429,null,369.2,171,589.6,126,126,94,1257.7,"**","20154"
1186.4,42,63,null,129,"**",null,"**",null,null,362.9,null,null,58,null,null,"30222"
1257.2,94,67,"**",454,"**",423,"**",232.1,107,261.1,83,118,42,1180.5,null,"20147"
2778.7,199,147,null,433,"**",158,"**",225.1,104,1252.6,35,104,200,1036.9,null,"20112"
4891.2,426,260,null,1134,"**",null,"**",null,null,1940.1,null,null,310,null,null,"30026"
1013.0,null,54,"*",158,null,130,"**",319.4,148,null,51,82,null,821.2,"**","20217"
1052.0,44,56,"*",252,"**",211,"**",88.6,41,201.6,20,86,32,858.3,"**","20013"
1078.5,9,57,null,52,"**",45,"**",null,null,177.5,null,95,28,946.2,null,"20233"
2981.0,175,158,"*",379,"**",152,"**",434.0,201,1409.8,55,118,225,1173.5,"**","20106"
7993.9,215,424,null,315,"**",null,"**",null,null,5345.3,null,null,855,null,null,"60007"
820.2,18,44,"**",88,"**",76,"**",106.2,49,161.5,12,71,26,708.1,"*","20265"
1237.9,168,66,"*",344,null,230,"**",487.3,225,586.2,138,84,94,840.8,"**","20220"
1618.5,278,86,"*",730,null,411,"**",257.9,119,638.8,114,90,102,899.0,null,"20117"
940.5,32,50,"**",80,"*",55,"**",289.3,134,421.9,25,60,67,594.8,null,"20014"
726.0,49,39,"**",79,"**",34,"**",61.7,29,425.4,7,32,68,320.2,"**","20242"
812.9,170,43,"**",392,"**",250,"**",134.5,62,370.6,61,52,59,517.3,"**","20168"
1465.9,48,78,"**",215,"**",186,"**",288.9,133,324.7,43,127,52,1264.1,null,"20249"
1505.5,150,80,null,264,"**",null,"**",null,null,875.8,null,null,140,null,null,"30161"
1163.3,110,62,"**",278,"**",115,"**",113.9,53,450.1,27,50,72,494.6,"**","20067"
4274.4,325,227,null,1004,"**",null,"**",null,null,1330.4,null,null,213,null,null,"30105"
null,null,null,"**",null,null,43,null,88.3,41,null,6,66,null,655.3,"*","20225"
1331.8,108,71,null,385,"**",298,"**",229.4,106,369.5,67,104,59,1034.5,null,"20267"
686.7,24,36,"**",131,"**",119,"**",86.1,40,124.6,17,62,20,614.3,"**","20230"
545.8,null,29,"**",44,null,38,"**",111.9,52,null,9,48,null,480.5,"*","20200"
2044.3,163,109,null,286,"**",null,null,null,null,1149.6,null,null,184,null,null,"30101"
2406.7,115,128,"**",441,null,242,"**",233.8,108,594.7,45,135,95,1346.5,null,"20182"
1396.9,99,74,"**",263,null,112,"**",148.7,69,522.6,27,62,84,613.1,"*","20017"
1454.2,69,77,"**",143,null,58,"**",151.9,70,692.6,15,60,111,594.9,null,"20079"
1022.0,41,54,null,110,"**",null,"**",null,null,377.1,null,null,60,null,null,"30152"
998.3,null,53,null,58,null,50,"**",84.9,39,null,5,88,null,872.4,"*","20258"
1457.4,122,77,"*",382,"**",302,"**",359.9,166,478.0,94,113,76,1128.7,"**","20063"
954.1,27,51,null,110,"**",null,"**",null,null,225.3,null,null,36,null,null,"30181"
1277.6,55,68,"**",270,"**",254,"**",220.3,102,268.6,46,120,43,1193.6,null,"20093"
5020.4,553,266,null,1752,"**",null,"**",null,null,1663.4,null,null,266,null,null,"30057"
842.4,null,45,null,28,null,22,"**",null,null,null,null,68,null,676.8,null,"20260"
1665.8,211,88,"**",852,"**",417,"**",123.0,57,433.3,59,82,69,818.4,"**","20019"
1800.8,142,96,null,253,"**",null,null,null,null,1122.1,null,null,179,null,null,"30047"
992.4,56,53,"**",188,"**",137,"**",223.8,103,285.8,42,75,46,751.8,null,"20150"
4934.8,606,262,null,1380,"**",null,"**",null,null,2117.9,null,null,339,null,null,"60002"
3864.1,87,205,null,217,"**",null,"**",null,null,1569.0,null,null,251,null,null,"60006"
1613.7,255,86,"**",535,"**",166,"**",96.5,45,758.5,33,50,121,496.8,"**","20034"
1061.6,77,56,"**",219,"**",136,"**",135.4,63,388.9,27,65,62,651.2,"*","20004"
862.6,64,46,null,188,"**",null,"**",null,null,268.6,null,null,43,null,null,"30234"
981.4,57,52,"**",235,"**",191,"**",169.4,78,236.8,40,81,38,811.0,null,"20075"
5985.9,777,318,null,1740,"**",null,"**",null,null,2686.5,null,null,430,null,null,"30059"
1970.4,205,105,"**",726,null,445,null,227.4,105,569.0,83,120,91,1195.6,null,"20136"
751.4,null,40,"**",71,null,52,"**",169.3,78,null,16,58,null,574.4,null,"20081"
3072.9,179,163,"**",698,"**",572,"**",597.8,276,774.4,145,245,124,2443.0,"**","20183"
1366.7,null,73,"**",161,null,151,"**",367.9,170,null,46,132,null,1315.4,"**","40076"
1308.5,null,69,null,51,null,42,"**",349.5,162,null,14,112,null,1113.0,null,"20229"
1782.5,131,95,"**",214,"**",203,null,1038.5,480,1037.1,126,177,166,1759.8,"**","50117"
null,null,null,"**",null,null,12,null,null,null,null,null,33,null,331.4,null,"20268"
1264.3,37,67,"*",172,"**",109,"**",91.5,42,278.6,12,81,45,806.1,"**","20018"
1637.5,125,87,"**",510,"**",424,"**",219.6,101,407.7,68,136,65,1352.1,null,"20148"
1146.9,175,61,"**",463,"**",318,"**",302.5,140,430.1,121,80,69,799.3,"**","20086"
671.3,82,36,"**",218,"**",167,"**",176.8,82,272.2,54,51,44,503.1,null,"20169"
424.8,15,23,"**",62,"**",38,"**",null,null,105.3,null,27,17,270.8,null,"50109"
2912.5,636,155,"**",996,"**",171,"**",127.3,59,1824.5,44,51,292,504.7,"**","20098"
null,null,null,"**",null,null,91,null,398.2,184,null,25,150,null,1494.3,"**","40077"
1702.4,167,90,"**",589,"**",489,"*",392.7,181,478.7,138,142,77,1410.7,"**","20275"
1860.6,115,99,"**",272,"*",222,null,681.5,315,792.6,102,149,127,1488.0,"**","20188"
1128.8,46,60,null,162,"**",142,"**",240.2,111,314.1,34,102,50,1014.9,null,"50080"
1842.1,202,98,"**",600,null,477,null,419.0,194,621.9,134,149,99,1480.1,"**","20170"
3956.8,326,210,null,1241,"**",null,"**",null,null,1096.2,null,null,175,null,null,"30058"
null,null,null,"**",null,null,100,null,535.9,248,null,27,214,null,2127.8,"**","40086"
null,null,null,null,null,null,31,null,237.6,110,null,10,76,null,752.4,null,"40079"
1690.6,108,90,"**",371,"*",302,"*",377.9,175,516.5,79,137,83,1365.9,"**","20171"
968.0,93,51,"**",222,"**",125,"**",79.2,37,386.3,19,55,62,552.9,"**","20243"
3792.9,432,201,null,905,"**",null,"**",null,null,1779.9,null,null,285,null,null,"30107"
null,null,null,"**",null,null,139,null,423.0,195,null,20,305,null,3043.0,"**","40083"
1243.9,226,66,"**",480,null,272,"**",259.3,120,585.6,100,71,94,706.7,null,"20234"
1549.3,68,82,null,229,"*",null,"**",null,null,463.8,null,null,74,null,null,"30214"
619.4,null,33,"**",43,null,22,"**",99.9,46,null,7,33,null,329.7,"*","20205"
832.7,45,44,"**",132,"**",114,"**",211.9,98,278.2,34,73,44,727.4,null,"40055"
3495.4,455,186,null,1210,"**",null,"**",null,null,1298.6,null,null,208,null,null,"30000"
1146.0,107,61,"**",239,null,163,"**",206.1,95,519.4,44,76,83,761.6,null,"40009"
3100.2,437,165,null,943,"**",297,"**",336.9,156,1379.8,101,103,221,1023.8,"**","20107"
1301.8,131,69,null,398,"**",null,"**",null,null,437.6,null,null,70,null,null,"30036"
3073.5,134,163,null,651,null,null,"**",null,null,624.5,null,null,100,null,null,"30194"
980.4,122,52,"**",326,"**",272,"**",313.0,145,368.5,102,83,59,827.6,"**","40030"
1132.5,39,60,"**",50,null,13,"**",111.4,51,835.3,5,31,134,306.1,null,"20235"
1628.2,104,86,"**",382,"**",353,"**",406.1,188,437.8,96,153,70,1520.2,"**","40051"
1146.6,65,61,null,285,"**",null,"**",null,null,260.5,null,null,42,null,null,"30176"
1303.3,69,69,null,324,"**",null,"**",null,null,290.2,null,null,46,null,null,"30215"
3199.8,255,170,null,580,"**",null,"**",null,null,1396.4,null,null,223,null,null,"60008"
4505.2,226,239,null,690,"**",null,"**",null,null,1472.9,null,null,236,null,null,"60009"
1051.8,108,56,null,290,"**",null,"**",null,null,378.4,null,null,61,null,null,"30223"
3665.9,238,195,null,856,"**",null,"**",null,null,1022.9,null,null,164,null,null,"30060"
2316.6,228,123,null,655,"**",null,"**",null,null,802.6,null,null,128,null,null,"30170"
4959.8,615,263,null,1197,"**",null,"**",null,null,2563.9,null,null,410,null,null,"30014"
3131.0,205,166,null,369,"**",null,"**",null,null,1644.3,null,null,263,null,null,"60003"
1723.6,90,91,null,196,null,null,null,null,null,743.5,null,null,119,null,null,"60030"
2697.9,135,143,null,347,"**",null,"**",null,null,999.8,null,null,160,null,null,"60032"
1300.9,84,69,null,129,"*",null,"**",null,null,803.2,null,null,128,null,null,"60025"
1647.2,95,87,"**",271,null,207,"*",345.3,160,556.5,57,130,89,1299.9,"**","20113"
3435.3,292,182,null,585,"**",null,"**",null,null,1732.4,null,null,277,null,null,"30012"
3699.8,176,196,null,628,"**",null,"**",null,null,1046.3,null,null,167,null,null,"30054"
1148.0,43,61,null,235,"**",null,"**",null,null,208.1,null,null,33,null,null,"30153"
3348.6,178,178,null,512,"**",null,"**",null,null,1098.7,null,null,176,null,null,"30095"
2987.3,184,159,null,641,"**",null,"**",null,null,856.2,null,null,137,null,null,"30080"
2449.6,null,130,"**",415,null,408,"**",572.7,265,null,97,245,null,2436.4,"**","40046"
4791.0,492,254,null,1194,"**",null,"**",null,null,2041.1,null,null,326,null,null,"30024"
1505.4,58,80,null,212,"**",null,"**",null,null,400.3,null,null,64,null,null,"30202"
2189.2,136,116,null,426,null,null,"**",null,null,726.2,null,null,116,null,null,"30075"
2979.3,349,158,null,799,"**",null,"**",null,null,1275.8,null,null,204,null,null,"30001"
3254.2,225,173,null,450,"**",null,"**",null,null,1584.1,null,null,253,null,null,"30172"
1667.2,149,88,null,257,"**",null,"*",null,null,976.4,null,null,156,null,null,"30118"
2011.0,98,107,null,305,null,null,null,null,null,652.7,null,null,104,null,null,"30141"
2238.5,269,119,null,637,"**",null,"**",null,null,967.8,null,null,155,null,null,"30088"
2279.7,171,121,null,525,null,null,"**",null,null,711.2,null,null,114,null,null,"30196"
2070.3,158,110,null,454,null,null,"*",null,null,728.6,null,null,116,null,null,"30217"
3050.4,169,162,null,651,"**",null,"**",null,null,820.8,null,null,131,null,null,"30189"
2384.7,125,127,null,428,null,null,"**",null,null,712.5,null,null,114,null,null,"30093"
838.6,91,45,null,266,"**",null,"**",null,null,291.2,null,null,47,null,null,"30139"
null,null,null,"*",null,null,107,null,511.4,236,null,45,122,null,1212.8,"**","40043"
2793.5,133,148,null,498,"*",null,"**",null,null,763.9,null,null,122,null,null,"30069"
1894.6,93,101,null,410,"**",null,null,null,null,427.1,null,null,68,null,null,"30226"
1118.2,72,59,null,331,"**",null,"**",null,null,232.9,null,null,37,null,null,"30232"
1939.7,64,103,null,239,null,null,null,null,null,519.3,null,null,83,null,null,"30082"
3227.8,304,171,null,732,"**",null,"**",null,null,1343.8,null,null,215,null,null,"30114"
340.2,6,18,null,46,"**",null,"**",null,null,41.8,null,null,7,null,null,"30224"
3491.0,157,185,null,787,"*",null,"**",null,null,735.7,null,null,118,null,null,"30050"
1924.6,130,102,null,384,null,null,null,null,null,608.1,null,null,97,null,null,"30096"
2771.0,269,147,null,704,"**",null,"**",null,null,1056.3,null,null,169,null,null,"30013"
4326.3,231,230,null,740,"**",null,"**",null,null,1320.8,null,null,211,null,null,"30020"
2318.0,99,123,null,500,"**",null,"**",null,null,452.1,null,null,72,null,null,"30116"
3794.7,245,201,null,528,"**",null,"**",null,null,1733.4,null,null,277,null,null,"30008"
1998.9,126,106,null,449,null,null,null,null,null,561.8,null,null,90,null,null,"30146"
1674.4,181,89,null,520,null,null,"**",null,null,603.1,null,null,96,null,null,"30083"
2812.9,238,149,null,964,null,null,"**",null,null,677.8,null,null,108,null,null,"30188"
1376.2,129,73,null,368,"**",null,"**",null,null,496.0,null,null,79,null,null,"80001"
1468.1,66,78,null,341,"**",null,"**",null,null,286.4,null,null,46,null,null,"60018"
1651.4,49,88,null,180,"*",null,null,null,null,439.1,null,null,70,null,null,"80002"
2145.4,97,114,null,260,"*",null,"*",null,null,805.9,null,null,129,null,null,"30070"
3719.9,382,197,null,917,"**",null,"**",null,null,1542.5,null,null,247,null,null,"30147"
1249.8,43,66,null,199,"**",null,"**",null,null,255.7,null,null,41,null,null,"30227"
1441.3,35,76,null,142,"**",null,"**",null,null,346.2,null,null,55,null,null,"30084"
2461.5,151,131,null,655,null,null,"**",null,null,575.1,null,null,92,null,null,"30098"
2331.4,274,124,null,728,"**",null,"**",null,null,889.7,null,null,142,null,null,"30097"
2539.6,89,135,null,334,null,null,"**",null,null,662.2,null,null,106,null,null,"30195"
845.8,20,45,null,226,"**",null,"**",null,null,72.2,null,null,12,null,null,"30225"
2411.4,386,128,null,770,"**",null,"**",null,null,1173.2,null,null,188,null,null,"30117"
2427.7,92,129,null,527,"**",null,"**",null,null,422.9,null,null,68,null,null,"30119"
1178.7,33,63,null,132,"**",null,"**",null,null,293.6,null,null,47,null,null,"30140"
1983.3,92,105,null,494,"**",null,null,null,null,363.7,null,null,58,null,null,"30191"
1389.7,110,74,null,153,"**",null,"**",null,null,953.0,null,null,152,null,null,"60043"
2285.8,347,121,null,676,"**",null,"**",null,null,1145.1,null,null,183,null,null,"30159"
1543.4,167,82,null,504,"**",null,"**",null,null,504.1,null,null,81,null,null,"30192"
5538.4,465,294,null,975,"**",null,"**",null,null,2744.0,null,null,439,null,null,"30027"
4054.9,22,215,null,496,"**",null,"**",null,null,189.8,null,null,30,null,null,"70008"
1104.8,96,59,null,279,"**",null,"**",null,null,379.2,null,null,61,null,null,"30205"
6311.0,294,335,null,711,"**",null,"**",null,null,2674.2,null,null,428,null,null,"30023"
3221.4,12,171,null,184,"**",null,"**",null,null,215.6,null,null,34,null,null,"70009"
3155.2,400,167,null,841,"**",null,"**",null,null,1488.4,null,null,238,null,null,"30108"
2749.0,214,146,null,484,"**",null,"**",null,null,1199.5,null,null,192,null,null,"30041"
2584.8,274,137,null,406,"**",null,"**",null,null,1706.9,null,null,273,null,null,"30042"
2166.8,196,115,null,368,"**",null,"**",null,null,1195.1,null,null,191,null,null,"30112"
3196.8,438,170,null,759,"**",null,"**",null,null,1812.3,null,null,290,null,null,"30044"
3153.6,260,167,null,576,"**",null,"**",null,null,1426.3,null,null,228,null,null,"30045"
6053.8,274,321,null,636,"**",null,"**",null,null,2766.6,null,null,442,null,null,"30015"
1886.1,222,100,null,483,"**",null,null,null,null,884.5,null,null,141,null,null,"30071"
2681.9,65,142,null,316,null,null,"**",null,null,552.4,null,null,88,null,null,"30167"
1744.3,162,93,null,360,"*",null,null,null,null,763.8,null,null,122,null,null,"30089"
903.5,36,48,"**",128,"**",104,"**",160.2,74,240.2,23,77,38,767.6,null,"50122"
4530.6,357,240,null,1001,"**",null,"**",null,null,1555.2,null,null,249,null,null,"30003"
2795.7,234,148,null,732,"**",null,"**",null,null,888.5,null,null,142,null,null,"30104"
4342.4,616,230,null,1205,"**",null,"**",null,null,2208.1,null,null,353,null,null,"30009"
1422.9,72,76,null,287,"**",null,"**",null,null,361.2,null,null,58,null,null,"30218"
4946.3,509,263,null,947,"**",null,"**",null,null,2595.2,null,null,415,null,null,"30149"
1852.2,163,98,null,495,null,null,null,null,null,591.5,null,null,95,null,null,"30193"
1479.3,63,79,null,180,null,118,"**",169.7,78,521.5,21,96,83,957.0,null,"50062"
2837.8,287,151,null,608,"**",null,"**",null,null,1378.4,null,null,220,null,null,"30063"
1697.2,204,90,null,414,"**",null,"*",null,null,833.5,null,null,133,null,null,"30162"
1536.4,66,82,null,230,"**",null,"**",null,null,432.2,null,null,69,null,null,"30157"
3768.5,488,200,null,828,"**",null,"**",null,null,2177.6,null,null,348,null,null,"30150"
1721.8,115,91,null,278,null,null,null,null,null,703.0,null,null,112,null,null,"30091"
2116.6,135,112,null,497,null,null,"**",null,null,585.1,null,null,94,null,null,"30111"
1455.1,74,77,null,201,null,null,"**",null,null,558.7,null,null,89,null,null,"30206"
null,null,null,"*",null,null,56,null,null,null,null,null,74,null,736.9,null,"50110"
675.9,null,36,"**",26,null,18,"**",131.4,61,null,5,49,null,486.8,null,"50094"
2683.4,221,142,null,602,"**",null,"**",null,null,978.7,null,null,156,null,null,"30102"
1056.1,122,56,null,220,null,null,"**",null,null,614.0,null,null,98,null,null,"30219"
2080.3,100,110,null,508,"**",null,"*",null,null,416.5,null,null,67,null,null,"30207"
1015.7,100,54,null,284,"**",null,"**",null,null,359.4,null,null,57,null,null,"30178"
1222.8,36,65,null,96,"*",null,"**",null,null,438.6,null,null,70,null,null,"60029"
2629.6,99,140,null,619,"**",null,"**",null,null,422.5,null,null,68,null,null,"30122"
1742.2,95,92,null,322,"*",null,null,null,null,507.1,null,null,81,null,null,"30120"
3800.7,155,202,null,493,"**",null,"**",null,null,1239.2,null,null,198,null,null,"30055"
2034.7,144,108,null,431,null,null,null,null,null,677.0,null,null,108,null,null,"30177"
2054.3,30,109,"**",211,"**",197,null,193.8,90,297.4,19,196,48,1949.7,null,"50103"
2301.6,152,122,null,439,"**",null,"**",null,null,802.0,null,null,128,null,null,"30081"
5859.9,305,311,null,1309,"**",null,"**",null,null,1423.9,null,null,228,null,null,"30028"
1785.9,157,95,null,475,null,null,null,null,null,590.8,null,null,94,null,null,"30220"
1266.0,80,67,null,238,"**",null,"**",null,null,422.7,null,null,68,null,null,"30208"
1141.4,76,61,null,264,"**",null,"**",null,null,328.9,null,null,53,null,null,"30121"
2033.7,161,108,null,329,"**",null,null,null,null,1020.9,null,null,163,null,null,"30030"
1115.6,51,59,null,132,"**",117,"**",356.5,165,409.3,42,104,65,1036.3,"**","50127"
904.4,26,48,null,72,"**",null,"**",null,null,316.0,null,null,51,null,null,"30099"
916.5,36,49,null,117,"**",null,"**",null,null,290.5,null,null,46,null,null,"30136"
2189.5,220,116,null,607,"**",null,"**",null,null,805.4,null,null,129,null,null,"30064"
6564.5,317,348,null,1059,"**",null,"**",null,null,2144.6,null,null,343,null,null,"30051"
903.1,14,48,null,163,"**",null,"**",null,null,78.3,null,null,13,null,null,"70001"
1431.3,30,76,null,93,null,null,"**",null,null,459.4,null,null,73,null,null,"60000"
1215.8,null,65,null,130,null,114,"**",347.6,161,null,38,110,null,1100.1,"**","50092"
2299.8,75,122,null,435,"**",null,"**",null,null,378.9,null,null,61,null,null,"30067"
893.0,87,47,null,200,"**",null,"**",null,null,391.4,null,null,63,null,null,"80009"
3574.6,427,190,null,1163,"**",null,"**",null,null,1374.9,null,null,220,null,null,"30031"
2352.0,137,125,null,295,"**",null,"**",null,null,1074.3,null,null,172,null,null,"30086"
3059.8,158,162,null,586,"**",null,"**",null,null,778.8,null,null,125,null,null,"30156"
1829.9,110,97,null,383,null,null,null,null,null,519.4,null,null,83,null,null,"30231"
1530.5,45,81,null,117,null,null,"*",null,null,553.9,null,null,89,null,null,"60048"
1347.1,136,71,null,369,"**",null,"**",null,null,481.2,null,null,77,null,null,"30143"
5657.6,742,300,null,1393,"**",null,"**",null,null,3124.2,null,null,500,null,null,"30049"
1464.0,70,78,null,257,"**",null,"**",null,null,391.4,null,null,63,null,null,"30163"
1488.9,43,79,null,127,null,84,"**",253.3,117,486.2,22,101,78,1006.7,null,"50016"
1085.4,87,58,null,159,null,null,"**",null,null,575.0,null,null,92,null,null,"80018"
1908.3,85,101,null,306,null,null,null,null,null,516.4,null,null,83,null,null,"30074"
2902.5,127,154,null,527,null,null,"**",null,null,705.2,null,null,113,null,null,"30073"
1924.0,124,102,null,479,"**",null,null,null,null,492.1,null,null,79,null,null,"30221"
2340.9,189,124,null,535,"**",null,"**",null,null,873.4,null,null,140,null,null,"30046"
3676.1,144,195,null,489,"**",null,"**",null,null,1081.8,null,null,173,null,null,"30072"
1113.5,51,59,null,141,"**",null,"**",null,null,390.0,null,null,62,null,null,"30209"
2129.4,229,113,null,503,"**",null,"**",null,null,971.5,null,null,155,null,null,"30085"
4132.2,293,219,null,631,"**",null,"**",null,null,1966.7,null,null,314,null,null,"30029"
859.0,null,46,"*",69,null,60,"**",134.7,62,null,11,74,null,734.3,null,"40001"
2855.8,133,152,null,687,null,null,"**",null,null,571.2,null,null,91,null,null,"30065"
785.6,101,42,"**",279,"**",219,"**",195.0,90,276.7,69,64,44,635.0,null,"40035"
2797.5,184,148,null,267,"**",null,"**",null,null,1904.7,null,null,305,null,null,"60001"
1477.6,56,78,null,210,"**",null,"**",null,null,388.9,null,null,62,null,null,"60041"
2224.2,45,118,null,70,"**",null,null,null,null,1284.6,null,null,205,null,null,"60031"
1296.2,87,69,null,178,null,null,"**",null,null,606.9,null,null,97,null,null,"60037"
655.1,64,35,null,105,"**",null,"**",null,null,386.2,null,null,62,null,null,"30179"
1219.1,122,65,null,384,"**",null,"**",null,null,386.9,null,null,62,null,null,"30087"
1135.9,44,60,null,216,"**",null,"**",null,null,220.1,null,null,35,null,null,"30124"
2768.1,364,147,null,679,"**",null,"**",null,null,1523.0,null,null,244,null,null,"30016"
3047.0,198,162,null,426,"**",null,"**",null,null,1431.9,null,null,229,null,null,"60019"
1366.9,157,73,null,308,null,null,"**",null,null,682.9,null,null,109,null,null,"30043"
2524.5,176,134,null,509,"**",null,"**",null,null,880.4,null,null,141,null,null,"30092"
1153.7,98,61,null,269,"**",null,"**",null,null,432.8,null,null,69,null,null,"30039"
3066.2,299,163,null,810,"**",null,"**",null,null,1133.4,null,null,181,null,null,"30032"
947.8,null,50,null,16,null,null,"**",null,null,null,null,null,null,null,null,"60047"
1541.8,85,82,null,216,null,null,"**",null,null,596.8,null,null,95,null,null,"30229"
2150.8,62,114,null,341,"**",null,"*",null,null,379.7,null,null,61,null,null,"30127"
2871.3,185,152,null,579,"**",null,"**",null,null,916.1,null,null,146,null,null,"30154"
1092.6,13,58,null,101,"**",null,"**",null,null,132.7,null,null,21,null,null,"60027"
1666.6,121,88,null,350,null,null,"*",null,null,553.8,null,null,89,null,null,"30204"
3840.7,221,204,null,568,"**",null,"**",null,null,1485.8,null,null,238,null,null,"30115"
1276.4,34,68,null,129,"**",null,"**",null,null,346.6,null,null,55,null,null,"80020"
1904.6,176,101,null,616,null,null,null,null,null,547.2,null,null,87,null,null,"30173"
1294.5,63,69,null,257,"**",null,"**",null,null,309.0,null,null,49,null,null,"30068"
2576.1,224,137,null,283,"**",null,"**",null,null,2043.6,null,null,327,null,null,"30090"
3424.6,222,182,null,452,"**",null,"**",null,null,1688.1,null,null,270,null,null,"30010"
1415.0,88,75,null,343,"**",null,"**",null,null,352.6,null,null,56,null,null,"30235"
3127.1,169,166,null,644,"**",null,"**",null,null,821.9,null,null,131,null,null,"30148"
1477.2,145,78,null,378,null,null,"**",null,null,557.1,null,null,89,null,null,"30210"
4582.4,342,243,null,860,"**",null,"**",null,null,1884.4,null,null,301,null,null,"30034"
2177.3,140,116,null,392,"*",null,"**",null,null,765.1,null,null,122,null,null,"30158"
2673.7,272,142,null,680,"**",null,"**",null,null,1063.6,null,null,170,null,null,"30103"
2968.3,96,158,null,406,null,null,"**",null,null,740.2,null,null,118,null,null,"30056"
1835.4,39,97,null,326,"**",null,null,null,null,225.7,null,null,36,null,null,"30185"
1915.7,158,102,null,431,null,null,null,null,null,706.7,null,null,113,null,null,"30216"
3031.9,136,161,null,613,null,null,"**",null,null,667.9,null,null,107,null,null,"30198"
1555.8,37,83,null,187,"**",null,"**",null,null,307.5,null,null,49,null,null,"80021"
2244.5,95,119,null,471,"**",null,"**",null,null,453.9,null,null,73,null,null,"30160"
1436.7,36,76,null,248,"**",null,"**",null,null,220.4,null,null,35,null,null,"30077"
5173.0,206,275,null,790,"**",null,"**",null,null,1383.8,null,null,221,null,null,"30053"
3024.3,191,161,null,875,null,null,"**",null,null,662.2,null,null,106,null,null,"30211"
1692.1,76,90,null,302,"**",null,null,null,null,412.8,null,null,66,null,null,"30200"
1820.5,80,97,null,266,null,null,null,null,null,513.2,null,null,82,null,null,"30199"
1753.2,129,93,null,398,null,null,null,null,null,531.7,null,null,85,null,null,"30197"
1234.3,62,66,null,201,"**",176,"**",276.2,128,378.4,46,107,61,1069.9,null,"20252"
2111.6,274,112,null,600,"**",null,"**",null,null,1008.4,null,null,161,null,null,"30113"
3312.3,517,176,null,1380,"**",null,"**",null,null,1269.4,null,null,203,null,null,"30018"
1278.7,59,68,null,236,"**",null,"**",null,null,326.6,null,null,52,null,null,"30165"
2282.4,177,121,null,368,"**",159,"**",160.6,74,1108.0,26,98,177,976.6,null,"10283"
583.1,24,31,null,78,"**",null,"**",null,null,177.2,null,null,28,null,null,"30180"
1765.8,128,94,null,361,null,null,null,null,null,594.7,null,null,95,null,null,"30155"
3101.1,98,165,null,148,"**",null,"**",null,null,1867.7,null,null,299,null,null,"60035"
1368.4,20,73,null,58,null,null,"*",null,null,449.4,null,null,72,null,null,"60050"
1117.9,141,59,null,351,"**",null,"**",null,null,442.4,null,null,71,null,null,"30144"
1775.6,132,94,null,276,"**",null,null,null,null,851.0,null,null,136,null,null,"30166"
2106.2,319,112,null,418,"**",null,"*",null,null,1640.5,null,null,262,null,null,"30037"
3176.8,234,169,null,494,"**",null,"**",null,null,1496.0,null,null,239,null,null,"30151"
518.4,114,28,"**",241,"**",122,"**",45.9,21,281.0,20,25,45,250.2,"**","20012"
2355.0,218,125,null,831,null,null,"**",null,null,633.9,null,null,101,null,null,"30171"
1865.3,88,99,null,319,null,null,null,null,null,511.9,null,null,82,null,null,"30019"
979.4,109,52,null,239,"**",null,"**",null,null,447.7,null,null,72,null,null,"30129"
2359.6,86,125,null,547,"**",null,"**",null,null,367.2,null,null,59,null,null,"30004"
3213.5,46,171,null,310,"*",null,"**",null,null,432.1,null,null,69,null,null,"30005"
3816.1,426,203,null,937,"**",null,"**",null,null,1731.6,null,null,277,null,null,"30168"
2355.0,201,125,null,515,"**",null,"**",null,null,925.0,null,null,148,null,null,"30094"
2245.7,181,119,null,589,null,null,"**",null,null,698.5,null,null,112,null,null,"30145"
null,null,null,"**",null,null,184,null,313.1,145,null,34,173,null,1721.1,"*","40047"
2055.4,53,109,null,203,null,null,null,null,null,551.2,null,null,88,null,null,"30038"
3028.9,112,161,null,357,"**",null,"**",null,null,899.5,null,null,144,null,null,"30110"
1124.3,56,60,null,179,"**",null,"**",null,null,338.6,null,null,54,null,null,"30130"
1039.5,82,55,null,301,"**",null,"**",null,null,261.4,null,null,42,null,null,"30230"
2458.7,83,130,null,323,null,null,"**",null,null,597.1,null,null,95,null,null,"30106"
2301.2,189,122,null,636,null,null,"**",null,null,691.7,null,null,111,null,null,"30076"
4570.6,265,243,null,650,"**",null,"**",null,null,1912.7,null,null,306,null,null,"30017"
1953.1,258,104,null,573,"**",null,null,null,null,902.2,null,null,144,null,null,"30040"
3317.2,222,176,null,358,"**",null,"**",null,null,2089.9,null,null,334,null,null,"30035"
1717.5,35,91,null,187,"**",null,null,null,null,311.6,null,null,50,null,null,"30201"
1942.7,52,103,null,289,"**",null,null,null,null,344.4,null,null,55,null,null,"30134"
1513.3,149,80,"**",452,"*",373,"**",364.8,169,517.9,108,122,83,1217.5,"**","20062"
716.4,null,38,"**",31,null,24,"**",null,null,null,null,57,null,569.5,null,"20226"
2007.8,126,107,"**",349,null,330,null,660.0,305,715.3,117,190,114,1894.7,"**","20261"
1383.7,98,73,null,175,"*",122,"**",404.1,187,793.6,50,96,127,960.7,"**","20149"
1392.3,46,74,null,118,null,null,"**",null,null,525.3,null,null,84,null,null,"30186"
2189.7,79,116,null,306,null,null,"**",null,null,550.0,null,null,88,null,null,"30079"
3446.9,262,183,null,915,"**",null,"**",null,null,974.0,null,null,156,null,null,"30048"
3622.7,385,192,null,852,"**",null,"**",null,null,1623.6,null,null,260,null,null,"30109"
2494.4,135,132,null,371,"**",null,"**",null,null,896.2,null,null,143,null,null,"30006"
1482.4,94,79,null,423,"**",null,"**",null,null,315.5,null,null,50,null,null,"30233"
4104.3,292,218,null,765,"**",null,"**",null,null,1631.4,null,null,261,null,null,"30062"
1677.0,81,89,null,235,null,126,null,185.9,86,581.2,26,90,93,897.5,null,"10225"
5408.2,299,287,null,643,"**",null,"**",null,null,2431.7,null,null,389,null,null,"30002"
4004.4,280,213,null,609,"**",null,"**",null,null,1852.3,null,null,296,null,null,"30011"
1931.0,75,102,null,279,null,null,null,null,null,558.9,null,null,89,null,null,"30078"
1257.8,54,67,null,143,"*",null,"**",null,null,451.5,null,null,72,null,null,"30133"
1196.2,41,63,null,107,"*",96,"**",329.3,152,434.5,30,111,69,1109.9,"*","40078"
1361.4,144,72,null,365,"*",251,"**",241.1,111,527.2,67,93,84,930.4,null,"40007"
1615.8,114,86,"**",520,"**",474,"**",248.7,115,359.8,81,145,58,1443.7,null,"40040"
null,null,null,"**",null,null,414,null,703.7,325,null,114,263,null,2620.9,"**","40084"
1172.0,null,62,null,113,null,108,"**",452.0,209,null,45,115,null,1142.1,"**","40070"
1172.5,94,62,null,181,null,165,"**",492.9,228,584.1,79,109,93,1083.2,"**","40057"
1696.6,null,90,"**",196,null,191,null,433.1,200,null,48,171,null,1707.5,"**","50097"
944.1,39,50,"**",133,"**",98,"**",151.4,70,275.8,21,71,44,706.8,null,"50027"
2598.3,122,138,null,409,"*",null,"**",null,null,767.6,null,null,123,null,null,"30007"
1298.2,178,69,null,536,"**",null,"**",null,null,446.8,null,null,71,null,null,"30164"
2272.6,94,121,null,358,null,null,"**",null,null,613.9,null,null,98,null,null,"30169"
1340.7,99,71,"*",296,"**",183,"**",190.1,88,435.2,43,84,70,837.1,null,"10251"
535.2,79,28,"**",224,"**",174,"**",121.3,56,193.6,49,42,31,417.6,"**","50056"
510.3,22,27,"**",95,"**",75,"**",98.3,45,126.9,17,40,20,398.8,"**","50048"
1178.5,42,63,null,162,"**",115,"**",203.7,94,299.0,28,86,48,857.0,null,"50029"
790.1,26,42,"**",105,"**",83,"**",122.1,56,198.8,16,63,32,623.4,"*","50078"
2614.4,37,139,null,66,"**",null,"**",null,null,1326.0,null,null,212,null,null,"60034"
1472.5,33,78,null,56,null,null,null,null,null,803.9,null,null,129,null,null,"60033"
1072.6,92,57,null,225,"**",null,"**",null,null,409.8,null,null,66,null,null,"60028"
4473.5,270,237,null,714,"**",null,"**",null,null,1626.7,null,null,260,null,null,"60017"
2830.6,96,150,null,743,"**",null,"**",null,null,364.2,null,null,58,null,null,"70007"
576.9,21,31,null,147,"**",null,"**",null,null,81.4,null,null,13,null,null,"70004"
807.5,68,43,"**",217,"**",193,"**",178.3,82,245.2,48,74,39,739.2,null,"40044"
3305.9,122,175,"**",600,null,580,"**",673.7,311,718.6,117,316,115,3151.7,"**","40000"
945.3,94,50,null,267,"**",null,"**",null,null,329.7,null,null,53,null,null,"80015"
866.1,28,46,"**",126,"**",105,"**",131.4,61,191.5,19,73,31,728.7,"*","50054"
1684.2,164,89,"**",629,"**",476,"**",220.6,102,446.4,81,128,71,1272.2,null,"50012"
1386.9,65,74,"*",230,"**",186,"**",219.8,102,374.1,37,116,60,1158.2,null,"50125"
1043.1,18,55,null,41,null,null,"**",null,null,419.6,null,null,67,null,null,"60024"
799.6,8,42,null,38,"**",null,"**",null,null,162.0,null,null,26,null,null,"60042"
2091.2,114,111,null,191,"**",null,null,null,null,1176.2,null,null,188,null,null,"60026"
1010.8,27,54,null,230,"**",null,"**",null,null,120.6,null,null,19,null,null,"70003"
5853.9,697,311,null,1390,"**",null,"**",null,null,2924.7,null,null,468,null,null,"60014"
2197.5,220,117,null,369,"**",null,"**",null,null,1283.1,null,null,205,null,null,"60038"
3756.3,342,199,null,694,"**",null,"**",null,null,1830.1,null,null,293,null,null,"60012"
555.4,19,29,null,33,"**",null,"**",null,null,299.9,null,null,48,null,null,"60045"
489.7,7,26,null,33,"**",null,"**",null,null,102.0,null,null,16,null,null,"60023"
1627.2,46,86,null,64,"**",null,null,null,null,1151.0,null,null,184,null,null,"60049"
1492.7,51,79,null,106,null,null,"*",null,null,695.8,null,null,111,null,null,"60039"
4311.1,7,229,null,78,null,null,"**",null,null,382.4,null,null,61,null,null,"80006"
1307.9,99,69,null,350,"**",null,"**",null,null,373.7,null,null,60,null,null,"80003"
897.8,51,48,null,195,"**",null,"**",null,null,250.1,null,null,40,null,null,"80007"
1051.0,49,56,null,183,"**",null,"**",null,null,282.2,null,null,45,null,null,"80014"
1165.1,59,62,null,268,"**",null,"**",null,null,252.9,null,null,40,null,null,"80019"
null,null,null,null,null,null,null,null,null,null,null,null,null,null,null,null,"80005"
